tf_id	motif_id	jaspar_name	uniprot_ids	species_tax_ids	official_entry_url	verified_date	verification_result	notes
O14771	MA2121.1	ZNF213	O14771	9606	https://jaspar.elixir.no/api/v1/matrix/MA2121.1/	2026-10-08	EXACT_UNIPROT_MATCH
O43167	MA2330.1	ZBTB24	O43167	9606	https://jaspar.elixir.no/api/v1/matrix/MA2330.1/	2026-10-08	EXACT_UNIPROT_MATCH
O43365	MA2119.1	HOXA3	O43365	9606	https://jaspar.elixir.no/api/v1/matrix/MA2119.1/	2026-10-08	EXACT_UNIPROT_MATCH
O43638	MA2118.1	FOXS1	O43638	9606	https://jaspar.elixir.no/api/v1/matrix/MA2118.1/	2026-10-08	EXACT_UNIPROT_MATCH
O75132	MA2328.1	ZBED4	O75132	9606	https://jaspar.elixir.no/api/v1/matrix/MA2328.1/	2026-10-08	EXACT_UNIPROT_MATCH
O75820	MA1725.1	ZNF189	O75820	9606	https://jaspar.elixir.no/api/v1/matrix/MA1725.1/	2026-10-08	EXACT_UNIPROT_MATCH
O75820	MA1725.2	ZNF189	O75820	9606	https://jaspar.elixir.no/api/v1/matrix/MA1725.2/	2026-10-08	EXACT_UNIPROT_MATCH
O75840	MA1959.1	KLF7	O75840	9606	https://jaspar.elixir.no/api/v1/matrix/MA1959.1/	2026-10-08	EXACT_UNIPROT_MATCH
O75840	MA1959.2	KLF7	O75840	9606	https://jaspar.elixir.no/api/v1/matrix/MA1959.2/	2026-10-08	EXACT_UNIPROT_MATCH
O95625	MA2329.1	ZBTB11	O95625	9606	https://jaspar.elixir.no/api/v1/matrix/MA2329.1/	2026-10-08	EXACT_UNIPROT_MATCH
O96004	MA2123.1	Hand1	O96004	10090	https://jaspar.elixir.no/api/v1/matrix/MA2123.1/	2026-10-08	EXACT_UNIPROT_MATCH	Official JASPAR metadata lists mouse taxon 10090 but explicitly maps the profile to human UniProt O96004; the manuscript hierarchy is accession-based.
P35789	MA1721.1	ZNF93	P35789	9606	https://jaspar.elixir.no/api/v1/matrix/MA1721.1/	2026-10-08	EXACT_UNIPROT_MATCH
P35789	MA1721.2	ZNF93	P35789	9606	https://jaspar.elixir.no/api/v1/matrix/MA1721.2/	2026-10-08	EXACT_UNIPROT_MATCH
P51786	MA2331.1	ZNF157	P51786	9606	https://jaspar.elixir.no/api/v1/matrix/MA2331.1/	2026-10-08	EXACT_UNIPROT_MATCH
Q01826	MA1963.1	SATB1	Q01826	9606	https://jaspar.elixir.no/api/v1/matrix/MA1963.1/	2026-10-08	EXACT_UNIPROT_MATCH
Q01826	MA1963.2	SATB1	Q01826	9606	https://jaspar.elixir.no/api/v1/matrix/MA1963.2/	2026-10-08	EXACT_UNIPROT_MATCH
Q06710	MA2094.1	PAX8	Q06710	9606	https://jaspar.elixir.no/api/v1/matrix/MA2094.1/	2026-10-08	EXACT_UNIPROT_MATCH
Q13398	MA1974.1	ZNF211	Q13398	9606	https://jaspar.elixir.no/api/v1/matrix/MA1974.1/	2026-10-08	EXACT_UNIPROT_MATCH
Q13398	MA1974.2	ZNF211	Q13398	9606	https://jaspar.elixir.no/api/v1/matrix/MA1974.2/	2026-10-08	EXACT_UNIPROT_MATCH
Q5HY98	MA2098.1	ZNF766	Q5HY98	9606	https://jaspar.elixir.no/api/v1/matrix/MA2098.1/	2026-10-08	EXACT_UNIPROT_MATCH
Q6BEB4	MA1965.1	SP5	Q6BEB4	9606	https://jaspar.elixir.no/api/v1/matrix/MA1965.1/	2026-10-08	EXACT_UNIPROT_MATCH
Q6BEB4	MA1965.2	SP5	Q6BEB4	9606	https://jaspar.elixir.no/api/v1/matrix/MA1965.2/	2026-10-08	EXACT_UNIPROT_MATCH
Q6P1L6	MA1711.1	ZNF343	Q6P1L6	9606	https://jaspar.elixir.no/api/v1/matrix/MA1711.1/	2026-10-08	EXACT_UNIPROT_MATCH
Q6P1L6	MA1711.2	ZNF343	Q6P1L6	9606	https://jaspar.elixir.no/api/v1/matrix/MA1711.2/	2026-10-08	EXACT_UNIPROT_MATCH
Q6P9A1	MA1981.1	ZNF530	Q6P9A1	9606	https://jaspar.elixir.no/api/v1/matrix/MA1981.1/	2026-10-08	EXACT_UNIPROT_MATCH
Q6P9A1	MA1981.2	ZNF530	Q6P9A1	9606	https://jaspar.elixir.no/api/v1/matrix/MA1981.2/	2026-10-08	EXACT_UNIPROT_MATCH
Q86XU0	MA2101.1	ZNF677	Q86XU0	9606	https://jaspar.elixir.no/api/v1/matrix/MA2101.1/	2026-10-08	EXACT_UNIPROT_MATCH
Q8IVH2	MA2117.1	FOXP4	Q8IVH2	9606	https://jaspar.elixir.no/api/v1/matrix/MA2117.1/	2026-10-08	EXACT_UNIPROT_MATCH
Q8N9Z0	MA1713.1	ZNF610	Q8N9Z0	9606	https://jaspar.elixir.no/api/v1/matrix/MA1713.1/	2026-10-08	EXACT_UNIPROT_MATCH
Q8N9Z0	MA1713.2	ZNF610	Q8N9Z0	9606	https://jaspar.elixir.no/api/v1/matrix/MA1713.2/	2026-10-08	EXACT_UNIPROT_MATCH
Q8TAU3	MA1727.1	ZNF417	Q8TAU3	9606	https://jaspar.elixir.no/api/v1/matrix/MA1727.1/	2026-10-08	EXACT_UNIPROT_MATCH
Q8TAU3	MA1727.2	ZNF417	Q8TAU3	9606	https://jaspar.elixir.no/api/v1/matrix/MA1727.2/	2026-10-08	EXACT_UNIPROT_MATCH
Q8TBJ5	MA2341.1	FEZF2	Q8TBJ5	9606	https://jaspar.elixir.no/api/v1/matrix/MA2341.1/	2026-10-08	EXACT_UNIPROT_MATCH
Q96C28	MA1715.1	ZNF707	Q96C28	9606	https://jaspar.elixir.no/api/v1/matrix/MA1715.1/	2026-10-08	EXACT_UNIPROT_MATCH
Q99676	MA2120.1	ZNF184	Q99676	9606	https://jaspar.elixir.no/api/v1/matrix/MA2120.1/	2026-10-08	EXACT_UNIPROT_MATCH
Q9BRR0	MA1973.1	ZKSCAN3	Q9BRR0	9606	https://jaspar.elixir.no/api/v1/matrix/MA1973.1/	2026-10-08	EXACT_UNIPROT_MATCH
Q9BRR0	MA1973.2	ZKSCAN3	Q9BRR0	9606	https://jaspar.elixir.no/api/v1/matrix/MA1973.2/	2026-10-08	EXACT_UNIPROT_MATCH
Q9BTP6	MA1971.1	ZBED2	Q9BTP6	9606	https://jaspar.elixir.no/api/v1/matrix/MA1971.1/	2026-10-08	EXACT_UNIPROT_MATCH
Q9BTP6	MA1971.2	ZBED2	Q9BTP6	9606	https://jaspar.elixir.no/api/v1/matrix/MA1971.2/	2026-10-08	EXACT_UNIPROT_MATCH
Q9H2Z4	MA2003.1	NKX2-4	Q9H2Z4	9606	https://jaspar.elixir.no/api/v1/matrix/MA2003.1/	2026-10-08	EXACT_UNIPROT_MATCH
Q9H2Z4	MA2003.2	NKX2-4	Q9H2Z4	9606	https://jaspar.elixir.no/api/v1/matrix/MA2003.2/	2026-10-08	EXACT_UNIPROT_MATCH
Q9HCL3	MA1972.1	ZFP14	Q9HCL3	9606	https://jaspar.elixir.no/api/v1/matrix/MA1972.1/	2026-10-08	EXACT_UNIPROT_MATCH
Q9UHF7	MA1970.1	TRPS1	Q9UHF7	9606	https://jaspar.elixir.no/api/v1/matrix/MA1970.1/	2026-10-08	EXACT_UNIPROT_MATCH
Q9UHF7	MA1970.2	TRPS1	Q9UHF7	9606	https://jaspar.elixir.no/api/v1/matrix/MA1970.2/	2026-10-08	EXACT_UNIPROT_MATCH
Q9UKS7	MA2326.1	IKZF2	Q9UKS7	9606	https://jaspar.elixir.no/api/v1/matrix/MA2326.1/	2026-10-08	EXACT_UNIPROT_MATCH
Q9Y5A6	MA2336.1	ZSCAN21	Q9Y5A6	9606	https://jaspar.elixir.no/api/v1/matrix/MA2336.1/	2026-10-08	EXACT_UNIPROT_MATCH
Q9Y603	MA1708.1	ETV7	Q9Y603	9606	https://jaspar.elixir.no/api/v1/matrix/MA1708.1/	2026-10-08	EXACT_UNIPROT_MATCH
Q9Y603	MA1708.2	ETV7	Q9Y603	9606	https://jaspar.elixir.no/api/v1/matrix/MA1708.2/	2026-10-08	EXACT_UNIPROT_MATCH
