failed_accession	gene	protein_description	primary_structural_status	DBD_evidence	fragment_status	canonical_reference_accession	canonical_reference_model	canonical_reference_interface_status	action_for_baldo	sequence_or_fragment_to_send	send_coordinates	database_display_recommendation	decision_reason	remaining_uncertainty
A0A0A7M2K0	ZFPM2;ELF5	ZFPM2-ELF5 fusion protein	UNCERTAIN_MANUAL_REVIEW	; coverage=0.00%; identity=0.00%; aligned=0	NO_VALID_DBD_FRAGMENT			NOT_VALIDATED	MANUAL_REVIEW_BEFORE_SENDING			Manual review unresolved.	Parent-by-parent alignments do not demonstrate a complete high-confidence DBD.	Fusion structure and breakpoint remain unresolved; no TF-parent DBD is assumed.
A0A0S2Z3Q5	EGR2	Early growth response 2 isoform 1	ACCESSION_LACKS_DBD	; coverage=0.00%; identity=0.00%; aligned=0	NO_VALID_DBD_FRAGMENT	A0A8I5KYI5	/data/sbi/interchange/boliva/patricia/models/TFS_A0A8I5KYI5:350:435_4r2a_A_1.pdb	PASS_NONEMPTY_PROTEIN_DNA_INTERFACE	NO_SEND_CANONICAL_REFERENCE_ONLY			Canonical same-gene reference available from accession A0A8I5KYI5; label explicitly as a reference.	Canonical DBD coverage is at most 10%, while at least 40 non-DBD canonical residues align at at least 80% identity. PWM/database inclusion is not changed by this structural recommendation.	
A0A0U4U3E8	SOX9	SRY (Sex determining region Y)-box9	ACCESSION_LACKS_DBD	; coverage=0.00%; identity=0.00%; aligned=0	NO_VALID_DBD_FRAGMENT	P48436	/data/sbi/interchange/boliva/patricia/models/TFS_P48436:103:174_4euw_A_1.pdb	PASS_NONEMPTY_PROTEIN_DNA_INTERFACE	NO_SEND_CANONICAL_REFERENCE_ONLY			Canonical same-gene reference available from accession P48436; label explicitly as a reference.	Canonical DBD coverage is at most 10%, while at least 40 non-DBD canonical residues align at at least 80% identity. PWM/database inclusion is not changed by this structural recommendation.	
A0A1B0GUL0	EGR2	E3 SUMO-protein ligase EGR2	ACCESSION_LACKS_DBD	; coverage=0.00%; identity=0.00%; aligned=0	NO_VALID_DBD_FRAGMENT	A0A8I5KYI5	/data/sbi/interchange/boliva/patricia/models/TFS_A0A8I5KYI5:350:435_4r2a_A_1.pdb	PASS_NONEMPTY_PROTEIN_DNA_INTERFACE	NO_SEND_CANONICAL_REFERENCE_ONLY			Canonical same-gene reference available from accession A0A8I5KYI5; label explicitly as a reference.	Canonical DBD coverage is at most 10%, while at least 40 non-DBD canonical residues align at at least 80% identity. PWM/database inclusion is not changed by this structural recommendation.	
A0A2R8Y7P3	SOX5	SRY-box transcription factor 5	ACCESSION_LACKS_DBD	; coverage=0.00%; identity=0.00%; aligned=0	NO_VALID_DBD_FRAGMENT	P35711	/data/sbi/interchange/boliva/patricia/models/TFS_P35711:553:634_1j46_A_1.pdb	PASS_NONEMPTY_PROTEIN_DNA_INTERFACE	NO_SEND_CANONICAL_REFERENCE_ONLY			Canonical same-gene reference available from accession P35711; label explicitly as a reference.	Canonical DBD coverage is at most 10%, while at least 40 non-DBD canonical residues align at at least 80% identity. PWM/database inclusion is not changed by this structural recommendation.	
A0A494C0B5	STAT2	Signal transducer and activator of transcription 2	ACCESSION_LACKS_DBD	; coverage=0.00%; identity=0.00%; aligned=0	NON_DBD_CONTACTS_NOT_ACCEPTED	P52630	/data/sbi/interchange/boliva/patricia/models/TFS_P52630:141:678_1bf5_A_1.pdb	PASS_NONEMPTY_PROTEIN_DNA_INTERFACE	NO_SEND_CANONICAL_REFERENCE_ONLY			Canonical same-gene reference available from accession P52630; label explicitly as a reference.	Canonical DBD coverage is at most 10%, while at least 40 non-DBD canonical residues align at at least 80% identity. PWM/database inclusion is not changed by this structural recommendation.	
A0A494C1L3	STAT2	Signal transducer and activator of transcription 2	ACCESSION_LACKS_DBD	; coverage=0.00%; identity=0.00%; aligned=0	NO_VALID_DBD_FRAGMENT	P52630	/data/sbi/interchange/boliva/patricia/models/TFS_P52630:141:678_1bf5_A_1.pdb	PASS_NONEMPTY_PROTEIN_DNA_INTERFACE	NO_SEND_CANONICAL_REFERENCE_ONLY			Canonical same-gene reference available from accession P52630; label explicitly as a reference.	Canonical DBD coverage is at most 10%, while at least 40 non-DBD canonical residues align at at least 80% identity. PWM/database inclusion is not changed by this structural recommendation.	
A0A6Q8PFH6	ATF4	Cyclic AMP-dependent transcription factor ATF-4	ACCESSION_LACKS_DBD	; coverage=0.00%; identity=0.00%; aligned=0	NO_VALID_DBD_FRAGMENT	P18848	/data/sbi/interchange/boliva/patricia/models/TFS_P18848:279:338_2wt7_A_1.pdb	PASS_NONEMPTY_PROTEIN_DNA_INTERFACE	NO_SEND_CANONICAL_REFERENCE_ONLY			Canonical same-gene reference available from accession P18848; label explicitly as a reference.	Canonical DBD coverage is at most 10%, while at least 40 non-DBD canonical residues align at at least 80% identity. PWM/database inclusion is not changed by this structural recommendation.	
A0A6Q8PGY1	ATF4	Cyclic AMP-dependent transcription factor ATF-4	ACCESSION_LACKS_DBD	; coverage=0.00%; identity=0.00%; aligned=0	NO_VALID_DBD_FRAGMENT	P18848	/data/sbi/interchange/boliva/patricia/models/TFS_P18848:279:338_2wt7_A_1.pdb	PASS_NONEMPTY_PROTEIN_DNA_INTERFACE	NO_SEND_CANONICAL_REFERENCE_ONLY			Canonical same-gene reference available from accession P18848; label explicitly as a reference.	Canonical DBD coverage is at most 10%, while at least 40 non-DBD canonical residues align at at least 80% identity. PWM/database inclusion is not changed by this structural recommendation.	
A0A6Q8PHB3	ATF4	Cyclic AMP-dependent transcription factor ATF-4	ACCESSION_LACKS_DBD	; coverage=0.00%; identity=0.00%; aligned=0	NO_VALID_DBD_FRAGMENT	P18848	/data/sbi/interchange/boliva/patricia/models/TFS_P18848:279:338_2wt7_A_1.pdb	PASS_NONEMPTY_PROTEIN_DNA_INTERFACE	NO_SEND_CANONICAL_REFERENCE_ONLY			Canonical same-gene reference available from accession P18848; label explicitly as a reference.	Canonical DBD coverage is at most 10%, while at least 40 non-DBD canonical residues align at at least 80% identity. PWM/database inclusion is not changed by this structural recommendation.	
A0A7P0T8Y1	ATF6	Activating transcription factor 6	ACCESSION_LACKS_DBD	; coverage=0.00%; identity=0.00%; aligned=0	NO_VALID_DBD_FRAGMENT	A0A7P0TAH1	/data/sbi/interchange/boliva/patricia/models/TFS_A0A7P0TAH1:289:362_1nkp_A_1.pdb	PASS_NONEMPTY_PROTEIN_DNA_INTERFACE	NO_SEND_CANONICAL_REFERENCE_ONLY			Canonical same-gene reference available from accession A0A7P0TAH1; label explicitly as a reference.	Canonical DBD coverage is at most 10%, while at least 40 non-DBD canonical residues align at at least 80% identity. PWM/database inclusion is not changed by this structural recommendation.	
A0A7P0T992	ATF6	Activating transcription factor 6	ACCESSION_LACKS_DBD	; coverage=0.00%; identity=0.00%; aligned=0	NO_VALID_DBD_FRAGMENT	A0A7P0TAH1	/data/sbi/interchange/boliva/patricia/models/TFS_A0A7P0TAH1:289:362_1nkp_A_1.pdb	PASS_NONEMPTY_PROTEIN_DNA_INTERFACE	NO_SEND_CANONICAL_REFERENCE_ONLY			Canonical same-gene reference available from accession A0A7P0TAH1; label explicitly as a reference.	Canonical DBD coverage is at most 10%, while at least 40 non-DBD canonical residues align at at least 80% identity. PWM/database inclusion is not changed by this structural recommendation.	
A0A7P0TAB8	ATF6	Activating transcription factor 6	ACCESSION_LACKS_DBD	; coverage=0.00%; identity=0.00%; aligned=0	NO_VALID_DBD_FRAGMENT	A0A7P0TAH1	/data/sbi/interchange/boliva/patricia/models/TFS_A0A7P0TAH1:289:362_1nkp_A_1.pdb	PASS_NONEMPTY_PROTEIN_DNA_INTERFACE	NO_SEND_CANONICAL_REFERENCE_ONLY			Canonical same-gene reference available from accession A0A7P0TAH1; label explicitly as a reference.	Canonical DBD coverage is at most 10%, while at least 40 non-DBD canonical residues align at at least 80% identity. PWM/database inclusion is not changed by this structural recommendation.	
A0A804HIG1	PPARG	Peroxisome proliferator-activated receptor gamma (PPAR-gamma) (Nuclear receptor subfamily 1 group C member 3)	ACCESSION_LACKS_DBD	; coverage=0.00%; identity=0.00%; aligned=0	NO_VALID_DBD_FRAGMENT	Q4W4C7	/data/sbi/interchange/boliva/patricia/models/TFS_Q4W4C7:121:201_1a6y_B_1.pdb	PASS_NONEMPTY_PROTEIN_DNA_INTERFACE	NO_SEND_CANONICAL_REFERENCE_ONLY			Canonical same-gene reference available from accession Q4W4C7; label explicitly as a reference.	Canonical DBD coverage is at most 10%, while at least 40 non-DBD canonical residues align at at least 80% identity. PWM/database inclusion is not changed by this structural recommendation.	
A0A804HLH1	PPARG	Peroxisome proliferator-activated receptor gamma (PPAR-gamma) (Nuclear receptor subfamily 1 group C member 3)	UNCERTAIN_MANUAL_REVIEW	PF00105:Double treble clef zinc finger, C4 type; coverage=10.45%; identity=100.00%; aligned=7	NO_VALID_DBD_FRAGMENT	P37231	/data/sbi/interchange/boliva/patricia/models/TFS_Q4W4C7:121:201_1a6y_B_1.pdb	PASS_NONEMPTY_PROTEIN_DNA_INTERFACE	MANUAL_REVIEW_BEFORE_SENDING			Manual review unresolved.	Available evidence does not meet an approved automatic present/absent rule. PWM/database inclusion is not changed by this structural recommendation.	Coverage/identity does not satisfy a conservative automatic rule.
A0A8Q3WLX6	ZBTB18	Zinc finger and BTB domain containing 18	ACCESSION_LACKS_DBD	; coverage=0.00%; identity=0.00%; aligned=0	NO_VALID_DBD_FRAGMENT	Q99592	/data/sbi/interchange/boliva/patricia/models/TFS_Q99592:409:485_1ubd_C_1.pdb	PASS_NONEMPTY_PROTEIN_DNA_INTERFACE	NO_SEND_CANONICAL_REFERENCE_ONLY			Canonical same-gene reference available from accession Q99592; label explicitly as a reference.	Canonical DBD coverage is at most 10%, while at least 40 non-DBD canonical residues align at at least 80% identity. PWM/database inclusion is not changed by this structural recommendation.	
A0A8V8TLI6	STAT1	Signal transducer and activator of transcription 1	ACCESSION_LACKS_DBD	; coverage=0.00%; identity=0.00%; aligned=0	NO_VALID_DBD_FRAGMENT	A0A669KB52	/data/sbi/interchange/boliva/patricia/models/TFS_A0A669KB52:136:624_1bf5_A_1.pdb	PASS_NONEMPTY_PROTEIN_DNA_INTERFACE	NO_SEND_CANONICAL_REFERENCE_ONLY			Canonical same-gene reference available from accession A0A669KB52; label explicitly as a reference.	Canonical DBD coverage is at most 10%, while at least 40 non-DBD canonical residues align at at least 80% identity. PWM/database inclusion is not changed by this structural recommendation.	
A0A8V8TM03	ZBTB18	Zinc finger and BTB domain containing 18	ACCESSION_LACKS_DBD	; coverage=0.00%; identity=0.00%; aligned=0	NO_VALID_DBD_FRAGMENT	Q99592	/data/sbi/interchange/boliva/patricia/models/TFS_Q99592:409:485_1ubd_C_1.pdb	PASS_NONEMPTY_PROTEIN_DNA_INTERFACE	NO_SEND_CANONICAL_REFERENCE_ONLY			Canonical same-gene reference available from accession Q99592; label explicitly as a reference.	Canonical DBD coverage is at most 10%, while at least 40 non-DBD canonical residues align at at least 80% identity. PWM/database inclusion is not changed by this structural recommendation.	
A0A994J4I4	SOX5	SRY-box transcription factor 5	ACCESSION_LACKS_DBD	; coverage=0.00%; identity=0.00%; aligned=0	NO_VALID_DBD_FRAGMENT	P35711	/data/sbi/interchange/boliva/patricia/models/TFS_P35711:553:634_1j46_A_1.pdb	PASS_NONEMPTY_PROTEIN_DNA_INTERFACE	NO_SEND_CANONICAL_REFERENCE_ONLY			Canonical same-gene reference available from accession P35711; label explicitly as a reference.	Canonical DBD coverage is at most 10%, while at least 40 non-DBD canonical residues align at at least 80% identity. PWM/database inclusion is not changed by this structural recommendation.	
A0A994J7B2	TCF3	Transcription factor 3	ACCESSION_LACKS_DBD	PF00010:Helix-loop-helix DNA-binding domain; coverage=5.56%; identity=100.00%; aligned=3	NO_VALID_DBD_FRAGMENT	P15923	/data/sbi/interchange/boliva/patricia/models/TFS_K7ENH8:199:272_2ypb_B_1.pdb	PASS_NONEMPTY_PROTEIN_DNA_INTERFACE	NO_SEND_CANONICAL_REFERENCE_ONLY			Canonical same-gene reference available from accession P15923; label explicitly as a reference.	DBD coverage is at most 10%; at least 40 non-DBD residues align at at least 80% identity.	
A2AB93	ZBTB22	Zinc finger and BTB domain containing 22	ACCESSION_LACKS_DBD	; coverage=0.00%; identity=0.00%; aligned=0	NO_VALID_DBD_FRAGMENT	O15209	/data/sbi/interchange/boliva/patricia/models/TFS_O15209:490:559_1a1f_A_1.pdb	PASS_NONEMPTY_PROTEIN_DNA_INTERFACE	NO_SEND_CANONICAL_REFERENCE_ONLY			Canonical same-gene reference available from accession O15209; label explicitly as a reference.	Canonical DBD coverage is at most 10%, while at least 40 non-DBD canonical residues align at at least 80% identity. PWM/database inclusion is not changed by this structural recommendation.	
A2RRN1	CREB3L2	CREB3L2 protein	ACCESSION_LACKS_DBD	; coverage=0.00%; identity=0.00%; aligned=0	NO_VALID_DBD_FRAGMENT	Q70SY1	/data/sbi/interchange/boliva/patricia/models/TFS_Q70SY1:295:354_1t2k_C_1.pdb	PASS_NONEMPTY_PROTEIN_DNA_INTERFACE	NO_SEND_CANONICAL_REFERENCE_ONLY			Canonical same-gene reference available from accession Q70SY1; label explicitly as a reference.	Canonical DBD coverage is at most 10%, while at least 40 non-DBD canonical residues align at at least 80% identity. PWM/database inclusion is not changed by this structural recommendation.	
A8K549	HOXA2	cDNA FLJ78348	UNCERTAIN_MANUAL_REVIEW	PF00046:Homeodomain; coverage=52.63%; identity=30.00%; aligned=30	NO_VALID_DBD_FRAGMENT	O43364		NOT_VALIDATED	MANUAL_REVIEW_BEFORE_SENDING			Manual review unresolved.	Local TF search resolves a likely gene, but DBD completeness remains below adjudication thresholds.	Gene suggestion passes search thresholds; DBD interpretation remains uncertain.
A8MTU8	SREBF1	cDNA FLJ38006 fis, clone CTONG2012422, highly similar to Sterol regulatory element-binding protein 1	UNCERTAIN_MANUAL_REVIEW	PF00010:Helix-loop-helix DNA-binding domain; coverage=21.57%; identity=72.73%; aligned=11	NO_VALID_DBD_FRAGMENT	P36956	/data/sbi/interchange/boliva/patricia/models/TFS_P36956:316:404_5i50_B_1.pdb	PASS_NONEMPTY_PROTEIN_DNA_INTERFACE	MANUAL_REVIEW_BEFORE_SENDING			Manual review unresolved.	Available evidence does not meet an approved automatic present/absent rule. PWM/database inclusion is not changed by this structural recommendation.	Coverage/identity does not satisfy a conservative automatic rule.
B1AKB1	TFEB	Transcription factor EB	ACCESSION_LACKS_DBD	; coverage=0.00%; identity=0.00%; aligned=0	NO_VALID_DBD_FRAGMENT	A0A7I2YQR9	/data/sbi/interchange/boliva/patricia/models/TFS_A0A7I2YQR9:232:263_5nj8_B_1.pdb	PASS_NONEMPTY_PROTEIN_DNA_INTERFACE	NO_SEND_CANONICAL_REFERENCE_ONLY			Canonical same-gene reference available from accession A0A7I2YQR9; label explicitly as a reference.	Canonical DBD coverage is at most 10%, while at least 40 non-DBD canonical residues align at at least 80% identity. PWM/database inclusion is not changed by this structural recommendation.	
B1NY96	TCF3-ZNF384 fusion	E2A-NMP4 fusion protein	UNCERTAIN_MANUAL_REVIEW	; coverage=0.00%; identity=0.00%; aligned=0	NO_VALID_DBD_FRAGMENT			NOT_VALIDATED	MANUAL_REVIEW_BEFORE_SENDING			Manual review unresolved.	Parent-by-parent alignments do not demonstrate a complete high-confidence DBD.	Fusion structure and breakpoint remain unresolved; no TF-parent DBD is assumed.
B3KU95	HOXA2	cDNA FLJ39423 fis, clone PROST1000322, highly similar to HOMEOBOX PROTEIN HOX-A2	UNCERTAIN_MANUAL_REVIEW	PF00046:Homeodomain; coverage=42.11%; identity=33.33%; aligned=24	NO_VALID_DBD_FRAGMENT	O43364	/data/sbi/interchange/boliva/patricia/models/TFS_O43364:144:205_1ahd_P_1.pdb	NOT_VALIDATED	MANUAL_REVIEW_BEFORE_SENDING			Manual review unresolved.	Available evidence does not meet an approved automatic present/absent rule. PWM/database inclusion is not changed by this structural recommendation.	Coverage/identity does not satisfy a conservative automatic rule.
B4DHE0	STAT2	cDNA FLJ56695, highly similar to Signal transducer and activator of transcription 2 (cDNA, FLJ79415, highly similar to Signal transducer and activator of transcription 2)	ACCESSION_LACKS_DBD	; coverage=0.00%; identity=0.00%; aligned=0	NON_DBD_CONTACTS_NOT_ACCEPTED	P52630	/data/sbi/interchange/boliva/patricia/models/TFS_P52630:141:678_1bf5_A_1.pdb	PASS_NONEMPTY_PROTEIN_DNA_INTERFACE	NO_SEND_CANONICAL_REFERENCE_ONLY			Canonical same-gene reference available from accession P52630; label explicitly as a reference.	Canonical DBD coverage is at most 10%, while at least 40 non-DBD canonical residues align at at least 80% identity. PWM/database inclusion is not changed by this structural recommendation.	
B4DL38	EGR2	cDNA FLJ54816, highly similar to Early growth response protein 2	ACCESSION_CONTAINS_INCOMPLETE_DBD	PF00096:Zinc finger, C2H2 type;PF00096:Zinc finger, C2H2 type;PF00096:Zinc finger, C2H2 type; coverage=12.35%; identity=100.00%; aligned=10	NO_VALID_DBD_FRAGMENT	P11161	/data/sbi/interchange/boliva/patricia/models/TFS_A0A8I5KYI5:350:435_4r2a_A_1.pdb	PASS_NONEMPTY_PROTEIN_DNA_INTERFACE	NO_SEND_MARK_DNA_STRUCTURE_UNAVAILABLE			Accession contains only an incomplete DBD.	Only part of the expected canonical DBD is present; the accession cannot provide a complete modelable DBD.	
B4DNX4	EGR1	cDNA FLJ56577, highly similar to Early growth response protein 1	ACCESSION_LACKS_DBD	PF00096:Zinc finger, C2H2 type;PF00096:Zinc finger, C2H2 type;PF00096:Zinc finger, C2H2 type; coverage=3.70%; identity=100.00%; aligned=3	NO_VALID_DBD_FRAGMENT	P18146	/data/sbi/interchange/boliva/patricia/models/TFS_P18146:335:421_4r2d_A_1.pdb	NOT_VALIDATED	NO_SEND_MARK_DNA_STRUCTURE_UNAVAILABLE			Canonical same-gene reference available from accession P18146; label explicitly as a reference.	DBD coverage is at most 10%; at least 40 non-DBD residues align at at least 80% identity.	
B4DTN3	HINFP	cDNA FLJ58424, highly similar to MBD2-interacting zinc finger protein	ACCESSION_LACKS_DBD	PF13894:C2H2-type zinc finger;PF00096:Zinc finger, C2H2 type;PF00096:Zinc finger, C2H2 type; coverage=5.71%; identity=100.00%; aligned=8	NO_VALID_DBD_FRAGMENT	Q9BQA5		NOT_VALIDATED	NO_SEND_MARK_DNA_STRUCTURE_UNAVAILABLE			Canonical same-gene reference available from accession Q9BQA5; label explicitly as a reference.	Local TF search resolves the gene and canonical alignment supports loss of the DBD.	
B4DVG0	EGR1	cDNA FLJ60905, highly similar to Early growth response protein 1	ACCESSION_LACKS_DBD	; coverage=0.00%; identity=0.00%; aligned=0	NO_VALID_DBD_FRAGMENT	P18146	/data/sbi/interchange/boliva/patricia/models/TFS_P18146:335:421_4r2d_A_1.pdb	NOT_VALIDATED	NO_SEND_MARK_DNA_STRUCTURE_UNAVAILABLE			Canonical same-gene reference available from accession P18146; label explicitly as a reference.	Canonical DBD coverage is at most 10%, while at least 40 non-DBD canonical residues align at at least 80% identity. PWM/database inclusion is not changed by this structural recommendation.	
B4DW78	ETS1	cDNA FLJ59231, highly similar to C-ets-1 protein	ACCESSION_LACKS_DBD	; coverage=0.00%; identity=0.00%; aligned=0	NO_VALID_DBD_FRAGMENT	P14921	/data/sbi/interchange/boliva/patricia/models/TFS_P14921:302:439_3mfk_A_1.pdb	NOT_VALIDATED	NO_SEND_MARK_DNA_STRUCTURE_UNAVAILABLE			Canonical same-gene reference available from accession P14921; label explicitly as a reference.	Canonical DBD coverage is at most 10%, while at least 40 non-DBD canonical residues align at at least 80% identity. PWM/database inclusion is not changed by this structural recommendation.	
B4E1B1	IRF7 hCG_18132	Interferon regulatory factor 7, isoform CRA_c (cDNA FLJ61529, highly similar to Interferon regulatory factor 7)	ACCESSION_LACKS_DBD	; coverage=0.00%; identity=0.00%; aligned=0	NON_DBD_CONTACTS_NOT_ACCEPTED	Q92985	/data/sbi/interchange/boliva/patricia/models/TFS_Q92985:17:122_1t2k_A_1.pdb	PASS_NONEMPTY_PROTEIN_DNA_INTERFACE	NO_SEND_CANONICAL_REFERENCE_ONLY			Canonical same-gene reference available from accession Q92985; label explicitly as a reference.	Canonical DBD coverage is at most 10%, while at least 40 non-DBD canonical residues align at at least 80% identity. PWM/database inclusion is not changed by this structural recommendation.	
B4E2G3	CREB3L4	cDNA FLJ58974, highly similar to Homo sapiens cAMP responsive element binding protein 3-like 4 (CREB3L4), mRNA	UNCERTAIN_MANUAL_REVIEW	PF00170:bZIP transcription factor; coverage=13.56%; identity=75.00%; aligned=8	NO_VALID_DBD_FRAGMENT	Q8TEY5	/data/sbi/interchange/boliva/patricia/models/TFS_Q8TEY5:218:259_1t2k_C_1.pdb	PASS_NONEMPTY_PROTEIN_DNA_INTERFACE	MANUAL_REVIEW_BEFORE_SENDING			Manual review unresolved.	Available evidence does not meet an approved automatic present/absent rule. PWM/database inclusion is not changed by this structural recommendation.	Coverage/identity does not satisfy a conservative automatic rule.
B4E2U7	HIF1A	Hypoxia-inducible factor 1-alpha	ACCESSION_LACKS_DBD	; coverage=0.00%; identity=0.00%; aligned=0	NO_VALID_DBD_FRAGMENT	Q16665	/data/sbi/interchange/boliva/patricia/models/TFS_Q16665:11:358_4zpk_B_1.pdb	NOT_VALIDATED	NO_SEND_MARK_DNA_STRUCTURE_UNAVAILABLE			Canonical same-gene reference available from accession Q16665; label explicitly as a reference.	Canonical DBD coverage is at most 10%, while at least 40 non-DBD canonical residues align at at least 80% identity. PWM/database inclusion is not changed by this structural recommendation.	
B4E374	ESR1	cDNA FLJ51617, highly similar to Estrogen receptor	ACCESSION_LACKS_DBD	; coverage=0.00%; identity=0.00%; aligned=0	NO_VALID_DBD_FRAGMENT	P03372	/data/sbi/interchange/boliva/patricia/models/TFS_P03372:183:263_1lo1_A_1.pdb	NOT_VALIDATED	NO_SEND_MARK_DNA_STRUCTURE_UNAVAILABLE			Canonical same-gene reference available from accession P03372; label explicitly as a reference.	Canonical DBD coverage is at most 10%, while at least 40 non-DBD canonical residues align at at least 80% identity. PWM/database inclusion is not changed by this structural recommendation.	
B5MCD3	HOXD12	Homeobox D12	UNCERTAIN_MANUAL_REVIEW	PF00046:Homeodomain; coverage=66.67%; identity=39.47%; aligned=38	NO_VALID_DBD_FRAGMENT	P35452	/data/sbi/interchange/boliva/patricia/models/TFS_P35452:203:259_5zjr_A_1.pdb	PASS_NONEMPTY_PROTEIN_DNA_INTERFACE	MANUAL_REVIEW_BEFORE_SENDING			Manual review unresolved.	Available evidence does not meet an approved automatic present/absent rule. PWM/database inclusion is not changed by this structural recommendation.	Coverage/identity does not satisfy a conservative automatic rule.
B7Z5Z3	SOX5	cDNA FLJ55780, highly similar to Transcription factor SOX-5	ACCESSION_LACKS_DBD	; coverage=0.00%; identity=0.00%; aligned=0	NO_VALID_DBD_FRAGMENT	P35711	/data/sbi/interchange/boliva/patricia/models/TFS_P35711:553:634_1j46_A_1.pdb	PASS_NONEMPTY_PROTEIN_DNA_INTERFACE	NO_SEND_CANONICAL_REFERENCE_ONLY			Canonical same-gene reference available from accession P35711; label explicitly as a reference.	Canonical DBD coverage is at most 10%, while at least 40 non-DBD canonical residues align at at least 80% identity. PWM/database inclusion is not changed by this structural recommendation.	
B7Z8F5	RFX2	cDNA FLJ53376, highly similar to DNA-binding protein RFX2	ACCESSION_CONTAINS_INCOMPLETE_DBD	PF02257:RFX DNA-binding domain; coverage=20.00%; identity=93.33%; aligned=15	NO_VALID_DBD_FRAGMENT	P48378		NOT_VALIDATED	NO_SEND_MARK_DNA_STRUCTURE_UNAVAILABLE			Accession contains only an incomplete DBD.	Only part of the expected canonical DBD is present; the accession cannot provide a complete modelable DBD.	
C9J5U3	HBP1	HMG-box transcription factor 1	ACCESSION_LACKS_DBD	; coverage=0.00%; identity=0.00%; aligned=0	NO_VALID_DBD_FRAGMENT	H7C4S2	/data/sbi/interchange/boliva/patricia/models/TFS_H7C4S2:423:450_2gzk_A_1.pdb	PASS_NONEMPTY_PROTEIN_DNA_INTERFACE	NO_SEND_CANONICAL_REFERENCE_ONLY			Canonical same-gene reference available from accession H7C4S2; label explicitly as a reference.	Canonical DBD coverage is at most 10%, while at least 40 non-DBD canonical residues align at at least 80% identity. PWM/database inclusion is not changed by this structural recommendation.	
C9J682	ZFX	Zinc finger protein X-linked	ACCESSION_LACKS_DBD	; coverage=0.00%; identity=0.00%; aligned=0	NO_VALID_DBD_FRAGMENT	B7ZKJ5	/data/sbi/interchange/boliva/patricia/models/TFS_B7ZKJ5:553:837_5wjq_D_1.pdb	PASS_NONEMPTY_PROTEIN_DNA_INTERFACE	NO_SEND_CANONICAL_REFERENCE_ONLY			Canonical same-gene reference available from accession B7ZKJ5; label explicitly as a reference.	Canonical DBD coverage is at most 10%, while at least 40 non-DBD canonical residues align at at least 80% identity. PWM/database inclusion is not changed by this structural recommendation.	
C9J845	MITF	Melanocyte inducing transcription factor	ACCESSION_LACKS_DBD	; coverage=0.00%; identity=0.00%; aligned=0	NO_VALID_DBD_FRAGMENT	O75030	/data/sbi/interchange/boliva/patricia/models/TFS_O75030:308:363_4h10_B_1.pdb	PASS_NONEMPTY_PROTEIN_DNA_INTERFACE	NO_SEND_CANONICAL_REFERENCE_ONLY			Canonical same-gene reference available from accession O75030; label explicitly as a reference.	Canonical DBD coverage is at most 10%, while at least 40 non-DBD canonical residues align at at least 80% identity. PWM/database inclusion is not changed by this structural recommendation.	
C9J8V6	HBP1	HMG-box transcription factor 1	ACCESSION_LACKS_DBD	; coverage=0.00%; identity=0.00%; aligned=0	NO_VALID_DBD_FRAGMENT	H7C4S2	/data/sbi/interchange/boliva/patricia/models/TFS_H7C4S2:423:450_2gzk_A_1.pdb	PASS_NONEMPTY_PROTEIN_DNA_INTERFACE	NO_SEND_CANONICAL_REFERENCE_ONLY			Canonical same-gene reference available from accession H7C4S2; label explicitly as a reference.	Canonical DBD coverage is at most 10%, while at least 40 non-DBD canonical residues align at at least 80% identity. PWM/database inclusion is not changed by this structural recommendation.	
C9JAW1	HBP1	HMG-box transcription factor 1	ACCESSION_LACKS_DBD	; coverage=0.00%; identity=0.00%; aligned=0	NO_VALID_DBD_FRAGMENT	H7C4S2	/data/sbi/interchange/boliva/patricia/models/TFS_H7C4S2:423:450_2gzk_A_1.pdb	PASS_NONEMPTY_PROTEIN_DNA_INTERFACE	NO_SEND_CANONICAL_REFERENCE_ONLY			Canonical same-gene reference available from accession H7C4S2; label explicitly as a reference.	Canonical DBD coverage is at most 10%, while at least 40 non-DBD canonical residues align at at least 80% identity. PWM/database inclusion is not changed by this structural recommendation.	
C9JPH0	CREB3L2	cAMP responsive element binding protein 3 like 2	UNCERTAIN_MANUAL_REVIEW	PF00170:bZIP transcription factor; coverage=22.22%; identity=71.43%; aligned=14	NO_VALID_DBD_FRAGMENT	Q70SY1	/data/sbi/interchange/boliva/patricia/models/TFS_Q70SY1:295:354_1t2k_C_1.pdb	PASS_NONEMPTY_PROTEIN_DNA_INTERFACE	MANUAL_REVIEW_BEFORE_SENDING			Manual review unresolved.	Available evidence does not meet an approved automatic present/absent rule. PWM/database inclusion is not changed by this structural recommendation.	Coverage/identity does not satisfy a conservative automatic rule.
C9JQU7	HBP1	HMG-box transcription factor 1	ACCESSION_LACKS_DBD	; coverage=0.00%; identity=0.00%; aligned=0	NO_VALID_DBD_FRAGMENT	H7C4S2	/data/sbi/interchange/boliva/patricia/models/TFS_H7C4S2:423:450_2gzk_A_1.pdb	PASS_NONEMPTY_PROTEIN_DNA_INTERFACE	NO_SEND_CANONICAL_REFERENCE_ONLY			Canonical same-gene reference available from accession H7C4S2; label explicitly as a reference.	Canonical DBD coverage is at most 10%, while at least 40 non-DBD canonical residues align at at least 80% identity. PWM/database inclusion is not changed by this structural recommendation.	
D1LUZ8	C20orf112/RUNX1 fusion	C20orf112/RUNX1 fusion protein	ACCESSION_CONTAINS_INCOMPLETE_DBD	PF00853:Runt domain; coverage=9.38%; identity=91.67%; aligned=12	NO_VALID_DBD_FRAGMENT	Q01196		NOT_VALIDATED	NO_SEND_MARK_DNA_STRUCTURE_UNAVAILABLE			Accession contains only an incomplete DBD.	Fusion retains only part of a parent DBD; no complete sendable DBD is demonstrated.	Fusion breakpoint and both parent contributions remain explicitly recorded.
D2KFR9	STAT1	Truncated signal transducer and activator of transcription 1	ACCESSION_LACKS_DBD	; coverage=0.00%; identity=0.00%; aligned=0	NON_DBD_CONTACTS_NOT_ACCEPTED	A0A669KB52	/data/sbi/interchange/boliva/patricia/models/TFS_A0A669KB52:136:624_1bf5_A_1.pdb	PASS_NONEMPTY_PROTEIN_DNA_INTERFACE	NO_SEND_CANONICAL_REFERENCE_ONLY			Canonical same-gene reference available from accession A0A669KB52; label explicitly as a reference.	Canonical DBD coverage is at most 10%, while at least 40 non-DBD canonical residues align at at least 80% identity. PWM/database inclusion is not changed by this structural recommendation.	
D6RAB1	LEF1	Lymphoid enhancer binding factor 1	ACCESSION_LACKS_DBD	; coverage=0.00%; identity=0.00%; aligned=0	NO_VALID_DBD_FRAGMENT	Q9UJU2	/data/sbi/interchange/boliva/patricia/models/TFS_Q9UJU2:297:366_4s2q_D_1.pdb	PASS_NONEMPTY_PROTEIN_DNA_INTERFACE	NO_SEND_CANONICAL_REFERENCE_ONLY			Canonical same-gene reference available from accession Q9UJU2; label explicitly as a reference.	Canonical DBD coverage is at most 10%, while at least 40 non-DBD canonical residues align at at least 80% identity. PWM/database inclusion is not changed by this structural recommendation.	
D6RID7	LEF1	Lymphoid enhancer binding factor 1	UNCERTAIN_MANUAL_REVIEW	PF00505:HMG (high mobility group) box; coverage=17.39%; identity=75.00%; aligned=12	NO_VALID_DBD_FRAGMENT	Q9UJU2	/data/sbi/interchange/boliva/patricia/models/TFS_Q9UJU2:297:366_4s2q_D_1.pdb	PASS_NONEMPTY_PROTEIN_DNA_INTERFACE	MANUAL_REVIEW_BEFORE_SENDING			Manual review unresolved.	Available evidence does not meet an approved automatic present/absent rule. PWM/database inclusion is not changed by this structural recommendation.	Coverage/identity does not satisfy a conservative automatic rule.
D6RIV1	LEF1	Lymphoid enhancer binding factor 1	ACCESSION_LACKS_DBD	; coverage=0.00%; identity=0.00%; aligned=0	NO_VALID_DBD_FRAGMENT	Q9UJU2	/data/sbi/interchange/boliva/patricia/models/TFS_Q9UJU2:297:366_4s2q_D_1.pdb	PASS_NONEMPTY_PROTEIN_DNA_INTERFACE	NO_SEND_CANONICAL_REFERENCE_ONLY			Canonical same-gene reference available from accession Q9UJU2; label explicitly as a reference.	Canonical DBD coverage is at most 10%, while at least 40 non-DBD canonical residues align at at least 80% identity. PWM/database inclusion is not changed by this structural recommendation.	
E0ZS57	TEF	Thyrotrophic embryonic factor	ACCESSION_LACKS_DBD	; coverage=0.00%; identity=0.00%; aligned=0	NO_VALID_DBD_FRAGMENT	Q10587	/data/sbi/interchange/boliva/patricia/models/TFS_Q10587:230:292_1gtw_B_1.pdb	PASS_NONEMPTY_PROTEIN_DNA_INTERFACE	NO_SEND_CANONICAL_REFERENCE_ONLY			Canonical same-gene reference available from accession Q10587; label explicitly as a reference.	Canonical DBD coverage is at most 10%, while at least 40 non-DBD canonical residues align at at least 80% identity. PWM/database inclusion is not changed by this structural recommendation.	
E5RG75	TCF7	Transcription factor 7	ACCESSION_LACKS_DBD	; coverage=0.00%; identity=0.00%; aligned=0	NO_VALID_DBD_FRAGMENT	E5RHL1	/data/sbi/interchange/boliva/patricia/models/TFS_E5RHL1:127:139_4euw_A_1.pdb	PASS_NONEMPTY_PROTEIN_DNA_INTERFACE	NO_SEND_CANONICAL_REFERENCE_ONLY			Canonical same-gene reference available from accession E5RHL1; label explicitly as a reference.	Canonical DBD coverage is at most 10%, while at least 40 non-DBD canonical residues align at at least 80% identity. PWM/database inclusion is not changed by this structural recommendation.	
E5RJ51	TCF7	Transcription factor 7	ACCESSION_LACKS_DBD	; coverage=0.00%; identity=0.00%; aligned=0	NO_VALID_DBD_FRAGMENT	E5RHL1	/data/sbi/interchange/boliva/patricia/models/TFS_E5RHL1:127:139_4euw_A_1.pdb	PASS_NONEMPTY_PROTEIN_DNA_INTERFACE	NO_SEND_CANONICAL_REFERENCE_ONLY			Canonical same-gene reference available from accession E5RHL1; label explicitly as a reference.	Canonical DBD coverage is at most 10%, while at least 40 non-DBD canonical residues align at at least 80% identity. PWM/database inclusion is not changed by this structural recommendation.	
E7EU07	PPARG	Peroxisome proliferator-activated receptor gamma (PPAR-gamma) (Nuclear receptor subfamily 1 group C member 3)	ACCESSION_LACKS_DBD	; coverage=0.00%; identity=0.00%; aligned=0	NO_VALID_DBD_FRAGMENT	Q4W4C7	/data/sbi/interchange/boliva/patricia/models/TFS_Q4W4C7:121:201_1a6y_B_1.pdb	PASS_NONEMPTY_PROTEIN_DNA_INTERFACE	NO_SEND_CANONICAL_REFERENCE_ONLY			Canonical same-gene reference available from accession Q4W4C7; label explicitly as a reference.	Canonical DBD coverage is at most 10%, while at least 40 non-DBD canonical residues align at at least 80% identity. PWM/database inclusion is not changed by this structural recommendation.	
E9PKB7	TEAD1	TEA domain transcription factor 1	UNCERTAIN_MANUAL_REVIEW	PF01285:TEA/ATTS domain; coverage=13.43%; identity=55.56%; aligned=9	NON_DBD_CONTACTS_NOT_ACCEPTED	P28347	/data/sbi/interchange/boliva/patricia/models/TFS_H0YE88:31:104_5nnx_A_1.pdb	PASS_NONEMPTY_PROTEIN_DNA_INTERFACE	MANUAL_REVIEW_BEFORE_SENDING			Manual review unresolved.	Available evidence does not meet an approved automatic present/absent rule. PWM/database inclusion is not changed by this structural recommendation.	Coverage/identity does not satisfy a conservative automatic rule.
E9PL67	HINFP	Histone H4 transcription factor	ACCESSION_LACKS_DBD	; coverage=0.00%; identity=0.00%; aligned=0	NO_VALID_DBD_FRAGMENT	Q9BQA5	/data/sbi/interchange/boliva/patricia/models/TFS_Q9BQA5:174:365_5wjq_D_1.pdb	PASS_NONEMPTY_PROTEIN_DNA_INTERFACE	NO_SEND_CANONICAL_REFERENCE_ONLY			Canonical same-gene reference available from accession Q9BQA5; label explicitly as a reference.	Canonical DBD coverage is at most 10%, while at least 40 non-DBD canonical residues align at at least 80% identity. PWM/database inclusion is not changed by this structural recommendation.	
E9PN75	EHF	ETS homologous factor	ACCESSION_LACKS_DBD	; coverage=0.00%; identity=0.00%; aligned=0	NO_VALID_DBD_FRAGMENT	Q9NZC4	/data/sbi/interchange/boliva/patricia/models/TFS_Q9NZC4:206:299_3jtg_A_1.pdb	PASS_NONEMPTY_PROTEIN_DNA_INTERFACE	NO_SEND_CANONICAL_REFERENCE_ONLY			Canonical same-gene reference available from accession Q9NZC4; label explicitly as a reference.	Canonical DBD coverage is at most 10%, while at least 40 non-DBD canonical residues align at at least 80% identity. PWM/database inclusion is not changed by this structural recommendation.	
E9PPS9	EHF	ETS homologous factor	ACCESSION_LACKS_DBD	; coverage=0.00%; identity=0.00%; aligned=0	NO_VALID_DBD_FRAGMENT	Q9NZC4	/data/sbi/interchange/boliva/patricia/models/TFS_Q9NZC4:206:299_3jtg_A_1.pdb	PASS_NONEMPTY_PROTEIN_DNA_INTERFACE	NO_SEND_CANONICAL_REFERENCE_ONLY			Canonical same-gene reference available from accession Q9NZC4; label explicitly as a reference.	Canonical DBD coverage is at most 10%, while at least 40 non-DBD canonical residues align at at least 80% identity. PWM/database inclusion is not changed by this structural recommendation.	
E9PQA2	USF1	Upstream transcription factor 1	ACCESSION_LACKS_DBD	PF00010:Helix-loop-helix DNA-binding domain; coverage=1.79%; identity=100.00%; aligned=1	NO_VALID_DBD_FRAGMENT	P22415	/data/sbi/interchange/boliva/patricia/models/TFS_H0YD59:63:102_4h10_A_1.pdb	PASS_NONEMPTY_PROTEIN_DNA_INTERFACE	NO_SEND_CANONICAL_REFERENCE_ONLY			Canonical same-gene reference available from accession P22415; label explicitly as a reference.	DBD coverage is at most 10%; at least 40 non-DBD residues align at at least 80% identity.	
E9PQR6	EHF	ETS homologous factor	ACCESSION_LACKS_DBD	; coverage=0.00%; identity=0.00%; aligned=0	NO_VALID_DBD_FRAGMENT	Q9NZC4	/data/sbi/interchange/boliva/patricia/models/TFS_Q9NZC4:206:299_3jtg_A_1.pdb	PASS_NONEMPTY_PROTEIN_DNA_INTERFACE	NO_SEND_CANONICAL_REFERENCE_ONLY			Canonical same-gene reference available from accession Q9NZC4; label explicitly as a reference.	Canonical DBD coverage is at most 10%, while at least 40 non-DBD canonical residues align at at least 80% identity. PWM/database inclusion is not changed by this structural recommendation.	
E9PQX0	EHF	ETS homologous factor	ACCESSION_LACKS_DBD	; coverage=0.00%; identity=0.00%; aligned=0	NO_VALID_DBD_FRAGMENT	Q9NZC4	/data/sbi/interchange/boliva/patricia/models/TFS_Q9NZC4:206:299_3jtg_A_1.pdb	PASS_NONEMPTY_PROTEIN_DNA_INTERFACE	NO_SEND_CANONICAL_REFERENCE_ONLY			Canonical same-gene reference available from accession Q9NZC4; label explicitly as a reference.	Canonical DBD coverage is at most 10%, while at least 40 non-DBD canonical residues align at at least 80% identity. PWM/database inclusion is not changed by this structural recommendation.	
F5GWL1	SOX5	SRY-box transcription factor 5	ACCESSION_LACKS_DBD	; coverage=0.00%; identity=0.00%; aligned=0	NO_VALID_DBD_FRAGMENT	P35711	/data/sbi/interchange/boliva/patricia/models/TFS_P35711:553:634_1j46_A_1.pdb	PASS_NONEMPTY_PROTEIN_DNA_INTERFACE	NO_SEND_CANONICAL_REFERENCE_ONLY			Canonical same-gene reference available from accession P35711; label explicitly as a reference.	Canonical DBD coverage is at most 10%, while at least 40 non-DBD canonical residues align at at least 80% identity. PWM/database inclusion is not changed by this structural recommendation.	
F6X9D6	RFX5	Regulatory factor X5	ACCESSION_CONTAINS_INCOMPLETE_DBD	PF02257:RFX DNA-binding domain; coverage=38.96%; identity=100.00%; aligned=30	NO_VALID_DBD_FRAGMENT	P48382		NOT_VALIDATED	NO_SEND_MARK_DNA_STRUCTURE_UNAVAILABLE			Accession contains only an incomplete DBD.	Only part of the expected canonical DBD is present; the accession cannot provide a complete modelable DBD.	
G3V0H1	SOX5	SRY-box transcription factor 5	UNCERTAIN_MANUAL_REVIEW	PF00505:HMG (high mobility group) box; coverage=10.14%; identity=100.00%; aligned=7	NO_VALID_DBD_FRAGMENT	P35711	/data/sbi/interchange/boliva/patricia/models/TFS_P35711:553:634_1j46_A_1.pdb	PASS_NONEMPTY_PROTEIN_DNA_INTERFACE	MANUAL_REVIEW_BEFORE_SENDING			Manual review unresolved.	Available evidence does not meet an approved automatic present/absent rule. PWM/database inclusion is not changed by this structural recommendation.	Coverage/identity does not satisfy a conservative automatic rule.
G3V289	FOS	Protein c-Fos (Cellular oncogene fos)	UNCERTAIN_MANUAL_REVIEW	PF00170:bZIP transcription factor; coverage=11.67%; identity=57.14%; aligned=7	NO_VALID_DBD_FRAGMENT	P01100	/data/sbi/interchange/boliva/patricia/models/TFS_P01100:135:193_2e42_B_1.pdb	PASS_NONEMPTY_PROTEIN_DNA_INTERFACE	MANUAL_REVIEW_BEFORE_SENDING			Manual review unresolved.	Available evidence does not meet an approved automatic present/absent rule. PWM/database inclusion is not changed by this structural recommendation.	Coverage/identity does not satisfy a conservative automatic rule.
G3V302	MAX	MYC associated factor X	UNCERTAIN_MANUAL_REVIEW	PF00010:Helix-loop-helix DNA-binding domain; coverage=49.02%; identity=52.00%; aligned=25	NO_VALID_DBD_FRAGMENT	P61244	/data/sbi/interchange/boliva/patricia/models/TFS_Q8TAX8:10:75_1am9_A_1.pdb	PASS_NONEMPTY_PROTEIN_DNA_INTERFACE	MANUAL_REVIEW_BEFORE_SENDING			Manual review unresolved.	Available evidence does not meet an approved automatic present/absent rule. PWM/database inclusion is not changed by this structural recommendation.	Coverage/identity does not satisfy a conservative automatic rule.
G3V447	ZBTB1	Zinc finger and BTB domain-containing protein 1	UNCERTAIN_MANUAL_REVIEW	; coverage=0.00%; identity=0.00%; aligned=0	NO_VALID_DBD_FRAGMENT			NOT_VALIDATED	MANUAL_REVIEW_BEFORE_SENDING			Manual review unresolved.	Available evidence does not meet an approved automatic present/absent rule. PWM/database inclusion is not changed by this structural recommendation.	No reviewed canonical accession with supported DBD coordinates was resolved.
H0Y797	TEF	TEF transcription factor, PAR bZIP family member	ACCESSION_LACKS_DBD	; coverage=0.00%; identity=0.00%; aligned=0	NO_VALID_DBD_FRAGMENT	Q10587	/data/sbi/interchange/boliva/patricia/models/TFS_Q10587:230:292_1gtw_B_1.pdb	PASS_NONEMPTY_PROTEIN_DNA_INTERFACE	NO_SEND_CANONICAL_REFERENCE_ONLY			Canonical same-gene reference available from accession Q10587; label explicitly as a reference.	Canonical DBD coverage is at most 10%, while at least 40 non-DBD canonical residues align at at least 80% identity. PWM/database inclusion is not changed by this structural recommendation.	
H0Y7E5	SREBF2	Sterol regulatory element binding transcription factor 2	UNCERTAIN_MANUAL_REVIEW	PF00010:Helix-loop-helix DNA-binding domain; coverage=17.65%; identity=66.67%; aligned=9	NO_VALID_DBD_FRAGMENT	Q12772	/data/sbi/interchange/boliva/patricia/models/TFS_Q12772:323:398_1hlo_A_1.pdb	PASS_NONEMPTY_PROTEIN_DNA_INTERFACE	MANUAL_REVIEW_BEFORE_SENDING			Manual review unresolved.	Available evidence does not meet an approved automatic present/absent rule. PWM/database inclusion is not changed by this structural recommendation.	Coverage/identity does not satisfy a conservative automatic rule.
H0YG25	ETV6	ETS variant transcription factor 6	ACCESSION_LACKS_DBD	; coverage=0.00%; identity=0.00%; aligned=0	NON_DBD_CONTACTS_NOT_ACCEPTED	A0A0S2Z3C9	/data/sbi/interchange/boliva/patricia/models/TFS_A0A0S2Z3C9:339:428_4mhg_A_1.pdb	PASS_NONEMPTY_PROTEIN_DNA_INTERFACE	NO_SEND_CANONICAL_REFERENCE_ONLY			Canonical same-gene reference available from accession A0A0S2Z3C9; label explicitly as a reference.	Canonical DBD coverage is at most 10%, while at least 40 non-DBD canonical residues align at at least 80% identity. PWM/database inclusion is not changed by this structural recommendation.	
H0YGT3	ESRRA	Estrogen related receptor alpha	ACCESSION_LACKS_DBD	PF00105:Double treble clef zinc finger, C4 type; coverage=0.00%; identity=0.00%; aligned=0	NO_VALID_DBD_FRAGMENT	P11474	/data/sbi/interchange/boliva/patricia/models/TFS_F5H0E9:1:19_1lo1_A_1.pdb	PASS_NONEMPTY_PROTEIN_DNA_INTERFACE	NO_SEND_CANONICAL_REFERENCE_ONLY			Canonical same-gene reference available from accession P11474; label explicitly as a reference.	DBD coverage is at most 10%; at least 40 non-DBD residues align at at least 80% identity.	
H0YNG1	POU2F2	POU domain, class 2, transcription factor 1 (NF-A1) (Octamer-binding protein 1) (Octamer-binding transcription factor 1)	UNCERTAIN_MANUAL_REVIEW	PF00157:Pou domain - N-terminal to homeobox domain;PF00046:Homeodomain; coverage=39.10%; identity=55.74%; aligned=61	NO_VALID_DBD_FRAGMENT	P09086	/data/sbi/interchange/boliva/patricia/models/TFS_U3KQ96:189:262_1e3o_C_1.pdb	PASS_NONEMPTY_PROTEIN_DNA_INTERFACE	MANUAL_REVIEW_BEFORE_SENDING			Manual review unresolved.	Available evidence does not meet an approved automatic present/absent rule. PWM/database inclusion is not changed by this structural recommendation.	Coverage/identity does not satisfy a conservative automatic rule.
H2BNB9	ETV6;INO80D	ETV6/INO80D fusion protein	UNCERTAIN_MANUAL_REVIEW	; coverage=0.00%; identity=0.00%; aligned=0	NO_VALID_DBD_FRAGMENT			NOT_VALIDATED	MANUAL_REVIEW_BEFORE_SENDING			Manual review unresolved.	Parent-by-parent alignments do not demonstrate a complete high-confidence DBD.	Fusion structure and breakpoint remain unresolved; no TF-parent DBD is assumed.
H7C4N4	TFAP2A	Transcription factor AP-2 alpha	VALID_DBD_FRAGMENT_MODEL	; coverage=0.00%; identity=0.00%; aligned=0	SENT_VALID			NOT_VALIDATED	NO_SEND_USE_EXISTING_DBD_FRAGMENT			Use validated DBD fragment model.	Reviewed expected-DBD Pfam fragment was sent and has a nonempty protein-DNA interface. PWM/database inclusion is not changed by this structural recommendation.	
I3L0A5	SOX5	SRY-box transcription factor 5	ACCESSION_LACKS_DBD	; coverage=0.00%; identity=0.00%; aligned=0	NO_VALID_DBD_FRAGMENT	P35711	/data/sbi/interchange/boliva/patricia/models/TFS_P35711:553:634_1j46_A_1.pdb	PASS_NONEMPTY_PROTEIN_DNA_INTERFACE	NO_SEND_CANONICAL_REFERENCE_ONLY			Canonical same-gene reference available from accession P35711; label explicitly as a reference.	Canonical DBD coverage is at most 10%, while at least 40 non-DBD canonical residues align at at least 80% identity. PWM/database inclusion is not changed by this structural recommendation.	
K7ELF3	TCF3	Transcription factor 3	ACCESSION_LACKS_DBD	PF00010:Helix-loop-helix DNA-binding domain; coverage=0.00%; identity=0.00%; aligned=0	NO_VALID_DBD_FRAGMENT	P15923	/data/sbi/interchange/boliva/patricia/models/TFS_K7ENH8:199:272_2ypb_B_1.pdb	PASS_NONEMPTY_PROTEIN_DNA_INTERFACE	NO_SEND_CANONICAL_REFERENCE_ONLY			Canonical same-gene reference available from accession P15923; label explicitly as a reference.	DBD coverage is at most 10%; at least 40 non-DBD residues align at at least 80% identity.	
K7EMD1	SREBF1	Sterol regulatory element binding transcription factor 1	ACCESSION_LACKS_DBD	; coverage=0.00%; identity=0.00%; aligned=0	NO_VALID_DBD_FRAGMENT	P36956	/data/sbi/interchange/boliva/patricia/models/TFS_P36956:316:404_5i50_B_1.pdb	PASS_NONEMPTY_PROTEIN_DNA_INTERFACE	NO_SEND_CANONICAL_REFERENCE_ONLY			Canonical same-gene reference available from accession P36956; label explicitly as a reference.	Canonical DBD coverage is at most 10%, while at least 40 non-DBD canonical residues align at at least 80% identity. PWM/database inclusion is not changed by this structural recommendation.	
K7ENI0	TCF3	Transcription factor 3	ACCESSION_LACKS_DBD	PF00010:Helix-loop-helix DNA-binding domain; coverage=1.85%; identity=100.00%; aligned=1	NO_VALID_DBD_FRAGMENT	P15923	/data/sbi/interchange/boliva/patricia/models/TFS_K7ENH8:199:272_2ypb_B_1.pdb	PASS_NONEMPTY_PROTEIN_DNA_INTERFACE	NO_SEND_CANONICAL_REFERENCE_ONLY			Canonical same-gene reference available from accession P15923; label explicitly as a reference.	DBD coverage is at most 10%; at least 40 non-DBD residues align at at least 80% identity.	
O14593	RFXANK ANKRA1 RFXB	DNA-binding protein RFXANK (Ankyrin repeat family A protein 1) (Regulatory factor X subunit B) (RFX-B) (Regulatory factor X-associated ankyrin-containing protein)	COFACTOR_OR_NON_DNA_BINDING_COMPONENT	; coverage=0.00%; identity=0.00%; aligned=0	NO_VALID_DBD_FRAGMENT			NOT_VALIDATED	NO_SEND_MARK_DNA_STRUCTURE_UNAVAILABLE			Non-DNA-binding cofactor/component; do not display as a DNA-bound TF structure.	Reviewed domain evidence supports a non-DNA-binding cofactor or complex component, not an accession DBD. PWM/database inclusion is not changed by this structural recommendation.	
O75780	PPARA	Peroxisome proliferator-activated receptor alpha	ACCESSION_LACKS_DBD	; coverage=0.00%; identity=0.00%; aligned=0	NO_VALID_DBD_FRAGMENT	Q07869	/data/sbi/interchange/boliva/patricia/models/TFS_Q07869:100:468_3e00_D_1.pdb	NOT_VALIDATED	NO_SEND_MARK_DNA_STRUCTURE_UNAVAILABLE			Canonical same-gene reference available from accession Q07869; label explicitly as a reference.	Canonical DBD coverage is at most 10%, while at least 40 non-DBD canonical residues align at at least 80% identity. PWM/database inclusion is not changed by this structural recommendation.	
Q13951	CBFB	Core-binding factor subunit beta (CBF-beta) (Polyomavirus enhancer-binding protein 2 beta subunit) (PEA2-beta) (PEBP2-beta) (SL3-3 enhancer factor 1 subunit beta) (SL3/AKV core-binding factor beta subunit)	COFACTOR_OR_NON_DNA_BINDING_COMPONENT	; coverage=0.00%; identity=0.00%; aligned=0	NO_VALID_DBD_FRAGMENT			NOT_VALIDATED	NO_SEND_MARK_DNA_STRUCTURE_UNAVAILABLE			Non-DNA-binding cofactor/component; do not display as a DNA-bound TF structure.	Reviewed domain evidence supports a non-DNA-binding cofactor or complex component, not an accession DBD. PWM/database inclusion is not changed by this structural recommendation.	
Q59EB9	ZFX	X-linked zinc finger protein variant	ACCESSION_LACKS_DBD	; coverage=0.00%; identity=0.00%; aligned=0	NO_VALID_DBD_FRAGMENT	B7ZKJ5	/data/sbi/interchange/boliva/patricia/models/TFS_B7ZKJ5:553:837_5wjq_D_1.pdb	PASS_NONEMPTY_PROTEIN_DNA_INTERFACE	NO_SEND_CANONICAL_REFERENCE_ONLY			Canonical same-gene reference available from accession B7ZKJ5; label explicitly as a reference.	Canonical DBD coverage is at most 10%, while at least 40 non-DBD canonical residues align at at least 80% identity. PWM/database inclusion is not changed by this structural recommendation.	
Q59EF3	TEAD1	TEA domain family member 1 variant	UNCERTAIN_MANUAL_REVIEW	PF01285:TEA/ATTS domain; coverage=55.22%; identity=35.14%; aligned=37	NON_DBD_CONTACTS_NOT_ACCEPTED	P28347	/data/sbi/interchange/boliva/patricia/models/TFS_H0YE88:31:104_5nnx_A_1.pdb	PASS_NONEMPTY_PROTEIN_DNA_INTERFACE	MANUAL_REVIEW_BEFORE_SENDING			Manual review unresolved.	Available evidence does not meet an approved automatic present/absent rule. PWM/database inclusion is not changed by this structural recommendation.	Coverage/identity does not satisfy a conservative automatic rule.
Q5T4K9	CREB3L4	cAMP responsive element binding protein 3 like 4	ACCESSION_LACKS_DBD	; coverage=0.00%; identity=0.00%; aligned=0	NO_VALID_DBD_FRAGMENT	Q8TEY5	/data/sbi/interchange/boliva/patricia/models/TFS_Q8TEY5:218:259_1t2k_C_1.pdb	PASS_NONEMPTY_PROTEIN_DNA_INTERFACE	NO_SEND_CANONICAL_REFERENCE_ONLY			Canonical same-gene reference available from accession Q8TEY5; label explicitly as a reference.	Canonical DBD coverage is at most 10%, while at least 40 non-DBD canonical residues align at at least 80% identity. PWM/database inclusion is not changed by this structural recommendation.	
Q5T4L2	CREB3L4	cAMP responsive element binding protein 3 like 4	ACCESSION_LACKS_DBD	; coverage=0.00%; identity=0.00%; aligned=0	NO_VALID_DBD_FRAGMENT	Q8TEY5	/data/sbi/interchange/boliva/patricia/models/TFS_Q8TEY5:218:259_1t2k_C_1.pdb	PASS_NONEMPTY_PROTEIN_DNA_INTERFACE	NO_SEND_CANONICAL_REFERENCE_ONLY			Canonical same-gene reference available from accession Q8TEY5; label explicitly as a reference.	Canonical DBD coverage is at most 10%, while at least 40 non-DBD canonical residues align at at least 80% identity. PWM/database inclusion is not changed by this structural recommendation.	
Q5VVR5	TCF7L2	Transcription factor 7 like 2	ACCESSION_CONTAINS_INCOMPLETE_DBD	PF00505:HMG (high mobility group) box; coverage=15.94%; identity=81.82%; aligned=11	NO_VALID_DBD_FRAGMENT	Q9NQB0	/data/sbi/interchange/boliva/patricia/models/TFS_H0YEE5:1:64_2lef_A_1.pdb	PASS_NONEMPTY_PROTEIN_DNA_INTERFACE	NO_SEND_MARK_DNA_STRUCTURE_UNAVAILABLE			Accession contains only an incomplete DBD.	Only part of the expected canonical DBD is present; the accession cannot provide a complete modelable DBD.	
Q68D60	CREB3L2	Uncharacterized protein DKFZp686N2325	ACCESSION_LACKS_DBD	PF00170:bZIP transcription factor; coverage=0.00%; identity=0.00%; aligned=0	NO_VALID_DBD_FRAGMENT	Q70SY1		NOT_VALIDATED	NO_SEND_MARK_DNA_STRUCTURE_UNAVAILABLE			Canonical same-gene reference available from accession Q70SY1; label explicitly as a reference.	Local TF search resolves the gene and canonical alignment supports loss of the DBD.	
Q6L9M1	PPARG	Peroxisome proliferator-activated receptor gamma (PPAR-gamma) (Nuclear receptor subfamily 1 group C member 3)	UNCERTAIN_MANUAL_REVIEW	PF00105:Double treble clef zinc finger, C4 type; coverage=2.99%; identity=100.00%; aligned=2	NO_VALID_DBD_FRAGMENT	P37231	/data/sbi/interchange/boliva/patricia/models/TFS_Q4W4C7:121:201_1a6y_B_1.pdb	PASS_NONEMPTY_PROTEIN_DNA_INTERFACE	MANUAL_REVIEW_BEFORE_SENDING			Manual review unresolved.	Available evidence does not meet an approved automatic present/absent rule. PWM/database inclusion is not changed by this structural recommendation.	Coverage/identity does not satisfy a conservative automatic rule.
Q6NZ39	LMX1A hCG_21707	LIM homeobox transcription factor 1, alpha	ACCESSION_LACKS_DBD	; coverage=0.00%; identity=0.00%; aligned=0	NO_VALID_DBD_FRAGMENT	Q8TE12	/data/sbi/interchange/boliva/patricia/models/TFS_Q8TE12:196:249_6a8r_B_1.pdb	PASS_NONEMPTY_PROTEIN_DNA_INTERFACE	NO_SEND_CANONICAL_REFERENCE_ONLY			Canonical same-gene reference available from accession Q8TE12; label explicitly as a reference.	Canonical DBD coverage is at most 10%, while at least 40 non-DBD canonical residues align at at least 80% identity. PWM/database inclusion is not changed by this structural recommendation.	
Q709A9	TFEB	Transcription factor EB	ACCESSION_LACKS_DBD	PF00010:Helix-loop-helix DNA-binding domain; coverage=3.70%; identity=100.00%; aligned=2	NO_VALID_DBD_FRAGMENT	P19484	/data/sbi/interchange/boliva/patricia/models/TFS_A0A7I2YQR9:232:263_5nj8_B_1.pdb	PASS_NONEMPTY_PROTEIN_DNA_INTERFACE	NO_SEND_CANONICAL_REFERENCE_ONLY			Canonical same-gene reference available from accession P19484; label explicitly as a reference.	DBD coverage is at most 10%; at least 40 non-DBD residues align at at least 80% identity.	
Q86VD4	CREB3L2	CREB3L2 protein	UNCERTAIN_MANUAL_REVIEW	PF00170:bZIP transcription factor; coverage=22.22%; identity=71.43%; aligned=14	NO_VALID_DBD_FRAGMENT	Q70SY1	/data/sbi/interchange/boliva/patricia/models/TFS_Q70SY1:295:354_1t2k_C_1.pdb	PASS_NONEMPTY_PROTEIN_DNA_INTERFACE	MANUAL_REVIEW_BEFORE_SENDING			Manual review unresolved.	Available evidence does not meet an approved automatic present/absent rule. PWM/database inclusion is not changed by this structural recommendation.	Coverage/identity does not satisfy a conservative automatic rule.
Q8NHZ2	ZFX	X-linked zinc finger protein	ACCESSION_LACKS_DBD	; coverage=0.00%; identity=0.00%; aligned=0	NO_VALID_DBD_FRAGMENT	B7ZKJ5	/data/sbi/interchange/boliva/patricia/models/TFS_B7ZKJ5:553:837_5wjq_D_1.pdb	PASS_NONEMPTY_PROTEIN_DNA_INTERFACE	NO_SEND_CANONICAL_REFERENCE_ONLY			Canonical same-gene reference available from accession B7ZKJ5; label explicitly as a reference.	Canonical DBD coverage is at most 10%, while at least 40 non-DBD canonical residues align at at least 80% identity. PWM/database inclusion is not changed by this structural recommendation.	
Q8NHZ3	ZFX	X-linked zinc finger protein	ACCESSION_LACKS_DBD	; coverage=0.00%; identity=0.00%; aligned=0	NO_VALID_DBD_FRAGMENT	B7ZKJ5	/data/sbi/interchange/boliva/patricia/models/TFS_B7ZKJ5:553:837_5wjq_D_1.pdb	PASS_NONEMPTY_PROTEIN_DNA_INTERFACE	NO_SEND_CANONICAL_REFERENCE_ONLY			Canonical same-gene reference available from accession B7ZKJ5; label explicitly as a reference.	Canonical DBD coverage is at most 10%, while at least 40 non-DBD canonical residues align at at least 80% identity. PWM/database inclusion is not changed by this structural recommendation.	
Q8NHZ4	ZFX	X-linked zinc finger protein	ACCESSION_LACKS_DBD	; coverage=0.00%; identity=0.00%; aligned=0	NO_VALID_DBD_FRAGMENT	B7ZKJ5	/data/sbi/interchange/boliva/patricia/models/TFS_B7ZKJ5:553:837_5wjq_D_1.pdb	PASS_NONEMPTY_PROTEIN_DNA_INTERFACE	NO_SEND_CANONICAL_REFERENCE_ONLY			Canonical same-gene reference available from accession B7ZKJ5; label explicitly as a reference.	Canonical DBD coverage is at most 10%, while at least 40 non-DBD canonical residues align at at least 80% identity. PWM/database inclusion is not changed by this structural recommendation.	
Q8NHZ5	ZFX	X-linked zinc finger protein	ACCESSION_LACKS_DBD	; coverage=0.00%; identity=0.00%; aligned=0	NO_VALID_DBD_FRAGMENT	B7ZKJ5	/data/sbi/interchange/boliva/patricia/models/TFS_B7ZKJ5:553:837_5wjq_D_1.pdb	PASS_NONEMPTY_PROTEIN_DNA_INTERFACE	NO_SEND_CANONICAL_REFERENCE_ONLY			Canonical same-gene reference available from accession B7ZKJ5; label explicitly as a reference.	Canonical DBD coverage is at most 10%, while at least 40 non-DBD canonical residues align at at least 80% identity. PWM/database inclusion is not changed by this structural recommendation.	
Q8WXB8	ZFX	X-linked zinc finger protein	ACCESSION_LACKS_DBD	; coverage=0.00%; identity=0.00%; aligned=0	NO_VALID_DBD_FRAGMENT	B7ZKJ5	/data/sbi/interchange/boliva/patricia/models/TFS_B7ZKJ5:553:837_5wjq_D_1.pdb	PASS_NONEMPTY_PROTEIN_DNA_INTERFACE	NO_SEND_CANONICAL_REFERENCE_ONLY			Canonical same-gene reference available from accession B7ZKJ5; label explicitly as a reference.	Canonical DBD coverage is at most 10%, while at least 40 non-DBD canonical residues align at at least 80% identity. PWM/database inclusion is not changed by this structural recommendation.	
Q8WXB9	ZFX	X-linked zinc finger protein	ACCESSION_LACKS_DBD	; coverage=0.00%; identity=0.00%; aligned=0	NO_VALID_DBD_FRAGMENT	B7ZKJ5	/data/sbi/interchange/boliva/patricia/models/TFS_B7ZKJ5:553:837_5wjq_D_1.pdb	PASS_NONEMPTY_PROTEIN_DNA_INTERFACE	NO_SEND_CANONICAL_REFERENCE_ONLY			Canonical same-gene reference available from accession B7ZKJ5; label explicitly as a reference.	Canonical DBD coverage is at most 10%, while at least 40 non-DBD canonical residues align at at least 80% identity. PWM/database inclusion is not changed by this structural recommendation.	
Q96QL7	ATF6B	ATF6B protein (cAMP responsive element binding protein-like 1)	ACCESSION_LACKS_DBD	; coverage=0.00%; identity=0.00%; aligned=0	NO_VALID_DBD_FRAGMENT	Q6AZW6	/data/sbi/interchange/boliva/patricia/models/TFS_Q6AZW6:326:381_1t2k_C_1.pdb	PASS_NONEMPTY_PROTEIN_DNA_INTERFACE	NO_SEND_CANONICAL_REFERENCE_ONLY			Canonical same-gene reference available from accession Q6AZW6; label explicitly as a reference.	Canonical DBD coverage is at most 10%, while at least 40 non-DBD canonical residues align at at least 80% identity. PWM/database inclusion is not changed by this structural recommendation.	
Q9Y2W8	ESR1	Alternatively-spliced estrogen receptor alpha	ACCESSION_LACKS_DBD	; coverage=0.00%; identity=0.00%; aligned=0	NO_VALID_DBD_FRAGMENT	P03372	/data/sbi/interchange/boliva/patricia/models/TFS_P03372:185:544_3e00_A_1.pdb	NOT_VALIDATED	NO_SEND_MARK_DNA_STRUCTURE_UNAVAILABLE			Canonical same-gene reference available from accession P03372; label explicitly as a reference.	Canonical DBD coverage is at most 10%, while at least 40 non-DBD canonical residues align at at least 80% identity. PWM/database inclusion is not changed by this structural recommendation.	
X5D8U0	ARNT2	Aryl-hydrocarbon receptor nuclear translocator 2 isoform G	ACCESSION_LACKS_DBD	PF00010:Helix-loop-helix DNA-binding domain; coverage=3.85%; identity=100.00%; aligned=2	NO_VALID_DBD_FRAGMENT	Q9HBZ2	/data/sbi/interchange/boliva/patricia/models/TFS_X5DRE4:62:116_4zpr_A_1.pdb	PASS_NONEMPTY_PROTEIN_DNA_INTERFACE	NO_SEND_CANONICAL_REFERENCE_ONLY			Canonical same-gene reference available from accession Q9HBZ2; label explicitly as a reference.	DBD coverage is at most 10%; at least 40 non-DBD residues align at at least 80% identity.	
