failed_accession	gene_names	PWM_annotation_level	primary_structural_status	canonical_reference_accession	canonical_reference_status	action_for_baldo	database_display_recommendation	manual_review_required	classification_confidence	decision_reason
A0A0A7M2K0	ZFPM2;ELF5	Identical_PWM	UNCERTAIN_MANUAL_REVIEW		NO_CANONICAL_REFERENCE_FOUND	MANUAL_REVIEW_BEFORE_SENDING	NO_DISPLAY_CHANGE_PENDING_MANUAL_REVIEW	YES	LOW	Available evidence does not meet an approved automatic present/absent rule. PWM/database inclusion is not changed by this structural recommendation.
A0A0S2Z3Q5	EGR2	Identical_PWM	ACCESSION_LACKS_DBD	A0A8I5KYI5	CANONICAL_REFERENCE_INTERFACE_VALID	NO_SEND_CANONICAL_REFERENCE_ONLY	DISPLAY_ACCESSION_DNA_STRUCTURE_UNAVAILABLE_CANONICAL_REFERENCE_SEPARATE	NO	HIGH	Canonical DBD coverage is at most 10%, while at least 40 non-DBD canonical residues align at at least 80% identity. PWM/database inclusion is not changed by this structural recommendation.
A0A0U4U3E8	SOX9	Identical_PWM	ACCESSION_LACKS_DBD	P48436	CANONICAL_REFERENCE_INTERFACE_VALID	NO_SEND_CANONICAL_REFERENCE_ONLY	DISPLAY_ACCESSION_DNA_STRUCTURE_UNAVAILABLE_CANONICAL_REFERENCE_SEPARATE	NO	HIGH	Canonical DBD coverage is at most 10%, while at least 40 non-DBD canonical residues align at at least 80% identity. PWM/database inclusion is not changed by this structural recommendation.
A0A1B0GUL0	EGR2	Identical_PWM	ACCESSION_LACKS_DBD	A0A8I5KYI5	CANONICAL_REFERENCE_INTERFACE_VALID	NO_SEND_CANONICAL_REFERENCE_ONLY	DISPLAY_ACCESSION_DNA_STRUCTURE_UNAVAILABLE_CANONICAL_REFERENCE_SEPARATE	NO	HIGH	Canonical DBD coverage is at most 10%, while at least 40 non-DBD canonical residues align at at least 80% identity. PWM/database inclusion is not changed by this structural recommendation.
A0A2R8Y7P3	SOX5	Homologous_PWM	ACCESSION_LACKS_DBD	P35711	CANONICAL_REFERENCE_INTERFACE_VALID	NO_SEND_CANONICAL_REFERENCE_ONLY	DISPLAY_ACCESSION_DNA_STRUCTURE_UNAVAILABLE_CANONICAL_REFERENCE_SEPARATE	NO	HIGH	Canonical DBD coverage is at most 10%, while at least 40 non-DBD canonical residues align at at least 80% identity. PWM/database inclusion is not changed by this structural recommendation.
A0A494C0B5	STAT2	Homologous_PWM	ACCESSION_LACKS_DBD	P52630	CANONICAL_REFERENCE_INTERFACE_VALID	NO_SEND_CANONICAL_REFERENCE_ONLY	DISPLAY_ACCESSION_DNA_STRUCTURE_UNAVAILABLE_CANONICAL_REFERENCE_SEPARATE	NO	HIGH	Canonical DBD coverage is at most 10%, while at least 40 non-DBD canonical residues align at at least 80% identity. PWM/database inclusion is not changed by this structural recommendation.
A0A494C1L3	STAT2	Identical_PWM	ACCESSION_LACKS_DBD	P52630	CANONICAL_REFERENCE_INTERFACE_VALID	NO_SEND_CANONICAL_REFERENCE_ONLY	DISPLAY_ACCESSION_DNA_STRUCTURE_UNAVAILABLE_CANONICAL_REFERENCE_SEPARATE	NO	HIGH	Canonical DBD coverage is at most 10%, while at least 40 non-DBD canonical residues align at at least 80% identity. PWM/database inclusion is not changed by this structural recommendation.
A0A6Q8PFH6	ATF4	Identical_PWM	ACCESSION_LACKS_DBD	P18848	CANONICAL_REFERENCE_INTERFACE_VALID	NO_SEND_CANONICAL_REFERENCE_ONLY	DISPLAY_ACCESSION_DNA_STRUCTURE_UNAVAILABLE_CANONICAL_REFERENCE_SEPARATE	NO	HIGH	Canonical DBD coverage is at most 10%, while at least 40 non-DBD canonical residues align at at least 80% identity. PWM/database inclusion is not changed by this structural recommendation.
A0A6Q8PGY1	ATF4	Identical_PWM	ACCESSION_LACKS_DBD	P18848	CANONICAL_REFERENCE_INTERFACE_VALID	NO_SEND_CANONICAL_REFERENCE_ONLY	DISPLAY_ACCESSION_DNA_STRUCTURE_UNAVAILABLE_CANONICAL_REFERENCE_SEPARATE	NO	HIGH	Canonical DBD coverage is at most 10%, while at least 40 non-DBD canonical residues align at at least 80% identity. PWM/database inclusion is not changed by this structural recommendation.
A0A6Q8PHB3	ATF4	Identical_PWM	ACCESSION_LACKS_DBD	P18848	CANONICAL_REFERENCE_INTERFACE_VALID	NO_SEND_CANONICAL_REFERENCE_ONLY	DISPLAY_ACCESSION_DNA_STRUCTURE_UNAVAILABLE_CANONICAL_REFERENCE_SEPARATE	NO	HIGH	Canonical DBD coverage is at most 10%, while at least 40 non-DBD canonical residues align at at least 80% identity. PWM/database inclusion is not changed by this structural recommendation.
A0A7P0T8Y1	ATF6	Identical_PWM	ACCESSION_LACKS_DBD	A0A7P0TAH1	CANONICAL_REFERENCE_INTERFACE_VALID	NO_SEND_CANONICAL_REFERENCE_ONLY	DISPLAY_ACCESSION_DNA_STRUCTURE_UNAVAILABLE_CANONICAL_REFERENCE_SEPARATE	NO	HIGH	Canonical DBD coverage is at most 10%, while at least 40 non-DBD canonical residues align at at least 80% identity. PWM/database inclusion is not changed by this structural recommendation.
A0A7P0T992	ATF6	Identical_PWM	ACCESSION_LACKS_DBD	A0A7P0TAH1	CANONICAL_REFERENCE_INTERFACE_VALID	NO_SEND_CANONICAL_REFERENCE_ONLY	DISPLAY_ACCESSION_DNA_STRUCTURE_UNAVAILABLE_CANONICAL_REFERENCE_SEPARATE	NO	HIGH	Canonical DBD coverage is at most 10%, while at least 40 non-DBD canonical residues align at at least 80% identity. PWM/database inclusion is not changed by this structural recommendation.
A0A7P0TAB8	ATF6	Identical_PWM	ACCESSION_LACKS_DBD	A0A7P0TAH1	CANONICAL_REFERENCE_INTERFACE_VALID	NO_SEND_CANONICAL_REFERENCE_ONLY	DISPLAY_ACCESSION_DNA_STRUCTURE_UNAVAILABLE_CANONICAL_REFERENCE_SEPARATE	NO	HIGH	Canonical DBD coverage is at most 10%, while at least 40 non-DBD canonical residues align at at least 80% identity. PWM/database inclusion is not changed by this structural recommendation.
A0A804HIG1	PPARG	Identical_PWM	ACCESSION_LACKS_DBD	Q4W4C7	CANONICAL_REFERENCE_INTERFACE_VALID	NO_SEND_CANONICAL_REFERENCE_ONLY	DISPLAY_ACCESSION_DNA_STRUCTURE_UNAVAILABLE_CANONICAL_REFERENCE_SEPARATE	NO	HIGH	Canonical DBD coverage is at most 10%, while at least 40 non-DBD canonical residues align at at least 80% identity. PWM/database inclusion is not changed by this structural recommendation.
A0A804HLH1	PPARG	Identical_PWM	UNCERTAIN_MANUAL_REVIEW	Q4W4C7	CANONICAL_REFERENCE_INTERFACE_VALID	MANUAL_REVIEW_BEFORE_SENDING	NO_DISPLAY_CHANGE_PENDING_MANUAL_REVIEW	YES	LOW	Available evidence does not meet an approved automatic present/absent rule. PWM/database inclusion is not changed by this structural recommendation.
A0A8Q3WLX6	ZBTB18	Identical_PWM	ACCESSION_LACKS_DBD	Q99592	CANONICAL_REFERENCE_INTERFACE_VALID	NO_SEND_CANONICAL_REFERENCE_ONLY	DISPLAY_ACCESSION_DNA_STRUCTURE_UNAVAILABLE_CANONICAL_REFERENCE_SEPARATE	NO	HIGH	Canonical DBD coverage is at most 10%, while at least 40 non-DBD canonical residues align at at least 80% identity. PWM/database inclusion is not changed by this structural recommendation.
A0A8V8TLI6	STAT1	Identical_PWM	ACCESSION_LACKS_DBD	A0A669KB52	CANONICAL_REFERENCE_INTERFACE_VALID	NO_SEND_CANONICAL_REFERENCE_ONLY	DISPLAY_ACCESSION_DNA_STRUCTURE_UNAVAILABLE_CANONICAL_REFERENCE_SEPARATE	NO	HIGH	Canonical DBD coverage is at most 10%, while at least 40 non-DBD canonical residues align at at least 80% identity. PWM/database inclusion is not changed by this structural recommendation.
A0A8V8TM03	ZBTB18	Identical_PWM	ACCESSION_LACKS_DBD	Q99592	CANONICAL_REFERENCE_INTERFACE_VALID	NO_SEND_CANONICAL_REFERENCE_ONLY	DISPLAY_ACCESSION_DNA_STRUCTURE_UNAVAILABLE_CANONICAL_REFERENCE_SEPARATE	NO	HIGH	Canonical DBD coverage is at most 10%, while at least 40 non-DBD canonical residues align at at least 80% identity. PWM/database inclusion is not changed by this structural recommendation.
A0A994J4I4	SOX5	Identical_PWM	ACCESSION_LACKS_DBD	P35711	CANONICAL_REFERENCE_INTERFACE_VALID	NO_SEND_CANONICAL_REFERENCE_ONLY	DISPLAY_ACCESSION_DNA_STRUCTURE_UNAVAILABLE_CANONICAL_REFERENCE_SEPARATE	NO	HIGH	Canonical DBD coverage is at most 10%, while at least 40 non-DBD canonical residues align at at least 80% identity. PWM/database inclusion is not changed by this structural recommendation.
A0A994J7B2	TCF3	Identical_PWM	UNCERTAIN_MANUAL_REVIEW	K7ENH8	CANONICAL_REFERENCE_INTERFACE_VALID	MANUAL_REVIEW_BEFORE_SENDING	NO_DISPLAY_CHANGE_PENDING_MANUAL_REVIEW	YES	LOW	Available evidence does not meet an approved automatic present/absent rule. PWM/database inclusion is not changed by this structural recommendation.
A2AB93	ZBTB22	Identical_PWM	ACCESSION_LACKS_DBD	O15209	CANONICAL_REFERENCE_INTERFACE_VALID	NO_SEND_CANONICAL_REFERENCE_ONLY	DISPLAY_ACCESSION_DNA_STRUCTURE_UNAVAILABLE_CANONICAL_REFERENCE_SEPARATE	NO	HIGH	Canonical DBD coverage is at most 10%, while at least 40 non-DBD canonical residues align at at least 80% identity. PWM/database inclusion is not changed by this structural recommendation.
A2RRN1	CREB3L2	Homologous_PWM	ACCESSION_LACKS_DBD	Q70SY1	CANONICAL_REFERENCE_INTERFACE_VALID	NO_SEND_CANONICAL_REFERENCE_ONLY	DISPLAY_ACCESSION_DNA_STRUCTURE_UNAVAILABLE_CANONICAL_REFERENCE_SEPARATE	NO	HIGH	Canonical DBD coverage is at most 10%, while at least 40 non-DBD canonical residues align at at least 80% identity. PWM/database inclusion is not changed by this structural recommendation.
A8K549		Identical_PWM	UNCERTAIN_MANUAL_REVIEW		NO_CANONICAL_REFERENCE_FOUND	MANUAL_REVIEW_BEFORE_SENDING	NO_DISPLAY_CHANGE_PENDING_MANUAL_REVIEW	YES	LOW	Available evidence does not meet an approved automatic present/absent rule. PWM/database inclusion is not changed by this structural recommendation.
A8MTU8	SREBF1	Homologous_PWM	UNCERTAIN_MANUAL_REVIEW	P36956	CANONICAL_REFERENCE_INTERFACE_VALID	MANUAL_REVIEW_BEFORE_SENDING	NO_DISPLAY_CHANGE_PENDING_MANUAL_REVIEW	YES	LOW	Available evidence does not meet an approved automatic present/absent rule. PWM/database inclusion is not changed by this structural recommendation.
B1AKB1	TFEB	Identical_PWM	ACCESSION_LACKS_DBD	A0A7I2YQR9	CANONICAL_REFERENCE_INTERFACE_VALID	NO_SEND_CANONICAL_REFERENCE_ONLY	DISPLAY_ACCESSION_DNA_STRUCTURE_UNAVAILABLE_CANONICAL_REFERENCE_SEPARATE	NO	HIGH	Canonical DBD coverage is at most 10%, while at least 40 non-DBD canonical residues align at at least 80% identity. PWM/database inclusion is not changed by this structural recommendation.
B1NY96	TCF3-ZNF384 fusion	Identical_PWM	UNCERTAIN_MANUAL_REVIEW		NO_CANONICAL_REFERENCE_FOUND	MANUAL_REVIEW_BEFORE_SENDING	NO_DISPLAY_CHANGE_PENDING_MANUAL_REVIEW	YES	LOW	Available evidence does not meet an approved automatic present/absent rule. PWM/database inclusion is not changed by this structural recommendation.
B3KU95	HOXA2	Identical_PWM	UNCERTAIN_MANUAL_REVIEW	O43364	CANONICAL_REFERENCE_FOUND_NOT_VALIDATED	MANUAL_REVIEW_BEFORE_SENDING	NO_DISPLAY_CHANGE_PENDING_MANUAL_REVIEW	YES	LOW	Available evidence does not meet an approved automatic present/absent rule. PWM/database inclusion is not changed by this structural recommendation.
B4DHE0	STAT2	Homologous_PWM	ACCESSION_LACKS_DBD	P52630	CANONICAL_REFERENCE_INTERFACE_VALID	NO_SEND_CANONICAL_REFERENCE_ONLY	DISPLAY_ACCESSION_DNA_STRUCTURE_UNAVAILABLE_CANONICAL_REFERENCE_SEPARATE	NO	HIGH	Canonical DBD coverage is at most 10%, while at least 40 non-DBD canonical residues align at at least 80% identity. PWM/database inclusion is not changed by this structural recommendation.
B4DL38	EGR2	Homologous_PWM	UNCERTAIN_MANUAL_REVIEW	A0A8I5KYI5	CANONICAL_REFERENCE_INTERFACE_VALID	MANUAL_REVIEW_BEFORE_SENDING	NO_DISPLAY_CHANGE_PENDING_MANUAL_REVIEW	YES	LOW	Available evidence does not meet an approved automatic present/absent rule. PWM/database inclusion is not changed by this structural recommendation.
B4DNX4	EGR1	Identical_PWM	UNCERTAIN_MANUAL_REVIEW	P18146	CANONICAL_REFERENCE_FOUND_NOT_VALIDATED	MANUAL_REVIEW_BEFORE_SENDING	NO_DISPLAY_CHANGE_PENDING_MANUAL_REVIEW	YES	LOW	The reviewed Pfam mapping does not establish whether the accession contains its expected DBD. PWM/database inclusion is not changed by this structural recommendation.
B4DTN3		Homologous_PWM	UNCERTAIN_MANUAL_REVIEW		NO_CANONICAL_REFERENCE_FOUND	MANUAL_REVIEW_BEFORE_SENDING	NO_DISPLAY_CHANGE_PENDING_MANUAL_REVIEW	YES	LOW	Available evidence does not meet an approved automatic present/absent rule. PWM/database inclusion is not changed by this structural recommendation.
B4DVG0	EGR1	Homologous_PWM	ACCESSION_LACKS_DBD	P18146	CANONICAL_REFERENCE_FOUND_NOT_VALIDATED	NO_SEND_MARK_DNA_STRUCTURE_UNAVAILABLE	DISPLAY_ACCESSION_DNA_STRUCTURE_UNAVAILABLE_CANONICAL_REFERENCE_SEPARATE	NO	HIGH	Canonical DBD coverage is at most 10%, while at least 40 non-DBD canonical residues align at at least 80% identity. PWM/database inclusion is not changed by this structural recommendation.
B4DW78	ETS1	Identical_PWM	ACCESSION_LACKS_DBD	P14921	CANONICAL_REFERENCE_FOUND_NOT_VALIDATED	NO_SEND_MARK_DNA_STRUCTURE_UNAVAILABLE	DISPLAY_ACCESSION_DNA_STRUCTURE_UNAVAILABLE_CANONICAL_REFERENCE_SEPARATE	NO	HIGH	Canonical DBD coverage is at most 10%, while at least 40 non-DBD canonical residues align at at least 80% identity. PWM/database inclusion is not changed by this structural recommendation.
B4E1B1	IRF7 hCG_18132	Identical_PWM	ACCESSION_LACKS_DBD	Q92985	CANONICAL_REFERENCE_INTERFACE_VALID	NO_SEND_CANONICAL_REFERENCE_ONLY	DISPLAY_ACCESSION_DNA_STRUCTURE_UNAVAILABLE_CANONICAL_REFERENCE_SEPARATE	NO	HIGH	Canonical DBD coverage is at most 10%, while at least 40 non-DBD canonical residues align at at least 80% identity. PWM/database inclusion is not changed by this structural recommendation.
B4E2G3	CREB3L4	Homologous_PWM	UNCERTAIN_MANUAL_REVIEW	Q8TEY5	CANONICAL_REFERENCE_INTERFACE_VALID	MANUAL_REVIEW_BEFORE_SENDING	NO_DISPLAY_CHANGE_PENDING_MANUAL_REVIEW	YES	LOW	Available evidence does not meet an approved automatic present/absent rule. PWM/database inclusion is not changed by this structural recommendation.
B4E2U7	HIF1A	Identical_PWM	ACCESSION_LACKS_DBD	Q16665	CANONICAL_REFERENCE_FOUND_NOT_VALIDATED	NO_SEND_MARK_DNA_STRUCTURE_UNAVAILABLE	DISPLAY_ACCESSION_DNA_STRUCTURE_UNAVAILABLE_CANONICAL_REFERENCE_SEPARATE	NO	HIGH	Canonical DBD coverage is at most 10%, while at least 40 non-DBD canonical residues align at at least 80% identity. PWM/database inclusion is not changed by this structural recommendation.
B4E374	ESR1	Homologous_PWM	ACCESSION_LACKS_DBD	P03372	CANONICAL_REFERENCE_FOUND_NOT_VALIDATED	NO_SEND_MARK_DNA_STRUCTURE_UNAVAILABLE	DISPLAY_ACCESSION_DNA_STRUCTURE_UNAVAILABLE_CANONICAL_REFERENCE_SEPARATE	NO	HIGH	Canonical DBD coverage is at most 10%, while at least 40 non-DBD canonical residues align at at least 80% identity. PWM/database inclusion is not changed by this structural recommendation.
B5MCD3	HOXD12	Homologous_PWM	UNCERTAIN_MANUAL_REVIEW	P35452	CANONICAL_REFERENCE_INTERFACE_VALID	MANUAL_REVIEW_BEFORE_SENDING	NO_DISPLAY_CHANGE_PENDING_MANUAL_REVIEW	YES	LOW	Available evidence does not meet an approved automatic present/absent rule. PWM/database inclusion is not changed by this structural recommendation.
B7Z5Z3	SOX5	Homologous_PWM	ACCESSION_LACKS_DBD	P35711	CANONICAL_REFERENCE_INTERFACE_VALID	NO_SEND_CANONICAL_REFERENCE_ONLY	DISPLAY_ACCESSION_DNA_STRUCTURE_UNAVAILABLE_CANONICAL_REFERENCE_SEPARATE	NO	HIGH	Canonical DBD coverage is at most 10%, while at least 40 non-DBD canonical residues align at at least 80% identity. PWM/database inclusion is not changed by this structural recommendation.
B7Z8F5	RFX2	Homologous_PWM	UNCERTAIN_MANUAL_REVIEW	P48378	UNCERTAIN	MANUAL_REVIEW_BEFORE_SENDING	NO_DISPLAY_CHANGE_PENDING_MANUAL_REVIEW	YES	LOW	Available evidence does not meet an approved automatic present/absent rule. PWM/database inclusion is not changed by this structural recommendation.
C9J5U3	HBP1	Homologous_PWM	ACCESSION_LACKS_DBD	H7C4S2	CANONICAL_REFERENCE_INTERFACE_VALID	NO_SEND_CANONICAL_REFERENCE_ONLY	DISPLAY_ACCESSION_DNA_STRUCTURE_UNAVAILABLE_CANONICAL_REFERENCE_SEPARATE	NO	HIGH	Canonical DBD coverage is at most 10%, while at least 40 non-DBD canonical residues align at at least 80% identity. PWM/database inclusion is not changed by this structural recommendation.
C9J682	ZFX	Homologous_PWM	ACCESSION_LACKS_DBD	B7ZKJ5	CANONICAL_REFERENCE_INTERFACE_VALID	NO_SEND_CANONICAL_REFERENCE_ONLY	DISPLAY_ACCESSION_DNA_STRUCTURE_UNAVAILABLE_CANONICAL_REFERENCE_SEPARATE	NO	HIGH	Canonical DBD coverage is at most 10%, while at least 40 non-DBD canonical residues align at at least 80% identity. PWM/database inclusion is not changed by this structural recommendation.
C9J845	MITF	Homologous_PWM	ACCESSION_LACKS_DBD	O75030	CANONICAL_REFERENCE_INTERFACE_VALID	NO_SEND_CANONICAL_REFERENCE_ONLY	DISPLAY_ACCESSION_DNA_STRUCTURE_UNAVAILABLE_CANONICAL_REFERENCE_SEPARATE	NO	HIGH	Canonical DBD coverage is at most 10%, while at least 40 non-DBD canonical residues align at at least 80% identity. PWM/database inclusion is not changed by this structural recommendation.
C9J8V6	HBP1	Homologous_PWM	ACCESSION_LACKS_DBD	H7C4S2	CANONICAL_REFERENCE_INTERFACE_VALID	NO_SEND_CANONICAL_REFERENCE_ONLY	DISPLAY_ACCESSION_DNA_STRUCTURE_UNAVAILABLE_CANONICAL_REFERENCE_SEPARATE	NO	HIGH	Canonical DBD coverage is at most 10%, while at least 40 non-DBD canonical residues align at at least 80% identity. PWM/database inclusion is not changed by this structural recommendation.
C9JAW1	HBP1	Homologous_PWM	ACCESSION_LACKS_DBD	H7C4S2	CANONICAL_REFERENCE_INTERFACE_VALID	NO_SEND_CANONICAL_REFERENCE_ONLY	DISPLAY_ACCESSION_DNA_STRUCTURE_UNAVAILABLE_CANONICAL_REFERENCE_SEPARATE	NO	HIGH	Canonical DBD coverage is at most 10%, while at least 40 non-DBD canonical residues align at at least 80% identity. PWM/database inclusion is not changed by this structural recommendation.
C9JPH0	CREB3L2	Homologous_PWM	UNCERTAIN_MANUAL_REVIEW	Q70SY1	CANONICAL_REFERENCE_INTERFACE_VALID	MANUAL_REVIEW_BEFORE_SENDING	NO_DISPLAY_CHANGE_PENDING_MANUAL_REVIEW	YES	LOW	Available evidence does not meet an approved automatic present/absent rule. PWM/database inclusion is not changed by this structural recommendation.
C9JQU7	HBP1	Homologous_PWM	ACCESSION_LACKS_DBD	H7C4S2	CANONICAL_REFERENCE_INTERFACE_VALID	NO_SEND_CANONICAL_REFERENCE_ONLY	DISPLAY_ACCESSION_DNA_STRUCTURE_UNAVAILABLE_CANONICAL_REFERENCE_SEPARATE	NO	HIGH	Canonical DBD coverage is at most 10%, while at least 40 non-DBD canonical residues align at at least 80% identity. PWM/database inclusion is not changed by this structural recommendation.
D1LUZ8	C20orf112/RUNX1 fusion	Homologous_PWM	UNCERTAIN_MANUAL_REVIEW		NO_CANONICAL_REFERENCE_FOUND	MANUAL_REVIEW_BEFORE_SENDING	NO_DISPLAY_CHANGE_PENDING_MANUAL_REVIEW	YES	LOW	Available evidence does not meet an approved automatic present/absent rule. PWM/database inclusion is not changed by this structural recommendation.
D2KFR9	STAT1	Identical_PWM	ACCESSION_LACKS_DBD	A0A669KB52	CANONICAL_REFERENCE_INTERFACE_VALID	NO_SEND_CANONICAL_REFERENCE_ONLY	DISPLAY_ACCESSION_DNA_STRUCTURE_UNAVAILABLE_CANONICAL_REFERENCE_SEPARATE	NO	HIGH	Canonical DBD coverage is at most 10%, while at least 40 non-DBD canonical residues align at at least 80% identity. PWM/database inclusion is not changed by this structural recommendation.
D6RAB1	LEF1	Identical_PWM	ACCESSION_LACKS_DBD	Q9UJU2	CANONICAL_REFERENCE_INTERFACE_VALID	NO_SEND_CANONICAL_REFERENCE_ONLY	DISPLAY_ACCESSION_DNA_STRUCTURE_UNAVAILABLE_CANONICAL_REFERENCE_SEPARATE	NO	HIGH	Canonical DBD coverage is at most 10%, while at least 40 non-DBD canonical residues align at at least 80% identity. PWM/database inclusion is not changed by this structural recommendation.
D6RID7	LEF1	Homologous_PWM	UNCERTAIN_MANUAL_REVIEW	Q9UJU2	CANONICAL_REFERENCE_INTERFACE_VALID	MANUAL_REVIEW_BEFORE_SENDING	NO_DISPLAY_CHANGE_PENDING_MANUAL_REVIEW	YES	LOW	Available evidence does not meet an approved automatic present/absent rule. PWM/database inclusion is not changed by this structural recommendation.
D6RIV1	LEF1	Identical_PWM	ACCESSION_LACKS_DBD	Q9UJU2	CANONICAL_REFERENCE_INTERFACE_VALID	NO_SEND_CANONICAL_REFERENCE_ONLY	DISPLAY_ACCESSION_DNA_STRUCTURE_UNAVAILABLE_CANONICAL_REFERENCE_SEPARATE	NO	HIGH	Canonical DBD coverage is at most 10%, while at least 40 non-DBD canonical residues align at at least 80% identity. PWM/database inclusion is not changed by this structural recommendation.
E0ZS57	TEF	Identical_PWM	ACCESSION_LACKS_DBD	Q10587	CANONICAL_REFERENCE_INTERFACE_VALID	NO_SEND_CANONICAL_REFERENCE_ONLY	DISPLAY_ACCESSION_DNA_STRUCTURE_UNAVAILABLE_CANONICAL_REFERENCE_SEPARATE	NO	HIGH	Canonical DBD coverage is at most 10%, while at least 40 non-DBD canonical residues align at at least 80% identity. PWM/database inclusion is not changed by this structural recommendation.
E5RG75	TCF7	Identical_PWM	ACCESSION_LACKS_DBD	E5RHL1	CANONICAL_REFERENCE_INTERFACE_VALID	NO_SEND_CANONICAL_REFERENCE_ONLY	DISPLAY_ACCESSION_DNA_STRUCTURE_UNAVAILABLE_CANONICAL_REFERENCE_SEPARATE	NO	HIGH	Canonical DBD coverage is at most 10%, while at least 40 non-DBD canonical residues align at at least 80% identity. PWM/database inclusion is not changed by this structural recommendation.
E5RJ51	TCF7	Identical_PWM	ACCESSION_LACKS_DBD	E5RHL1	CANONICAL_REFERENCE_INTERFACE_VALID	NO_SEND_CANONICAL_REFERENCE_ONLY	DISPLAY_ACCESSION_DNA_STRUCTURE_UNAVAILABLE_CANONICAL_REFERENCE_SEPARATE	NO	HIGH	Canonical DBD coverage is at most 10%, while at least 40 non-DBD canonical residues align at at least 80% identity. PWM/database inclusion is not changed by this structural recommendation.
E7EU07	PPARG	Identical_PWM	ACCESSION_LACKS_DBD	Q4W4C7	CANONICAL_REFERENCE_INTERFACE_VALID	NO_SEND_CANONICAL_REFERENCE_ONLY	DISPLAY_ACCESSION_DNA_STRUCTURE_UNAVAILABLE_CANONICAL_REFERENCE_SEPARATE	NO	HIGH	Canonical DBD coverage is at most 10%, while at least 40 non-DBD canonical residues align at at least 80% identity. PWM/database inclusion is not changed by this structural recommendation.
E9PKB7	TEAD1	Identical_PWM	UNCERTAIN_MANUAL_REVIEW	H0YE88	CANONICAL_REFERENCE_INTERFACE_VALID	MANUAL_REVIEW_BEFORE_SENDING	NO_DISPLAY_CHANGE_PENDING_MANUAL_REVIEW	YES	LOW	Available evidence does not meet an approved automatic present/absent rule. PWM/database inclusion is not changed by this structural recommendation.
E9PL67	HINFP	Identical_PWM	ACCESSION_LACKS_DBD	Q9BQA5	CANONICAL_REFERENCE_INTERFACE_VALID	NO_SEND_CANONICAL_REFERENCE_ONLY	DISPLAY_ACCESSION_DNA_STRUCTURE_UNAVAILABLE_CANONICAL_REFERENCE_SEPARATE	NO	HIGH	Canonical DBD coverage is at most 10%, while at least 40 non-DBD canonical residues align at at least 80% identity. PWM/database inclusion is not changed by this structural recommendation.
E9PN75	EHF	Identical_PWM	ACCESSION_LACKS_DBD	Q9NZC4	CANONICAL_REFERENCE_INTERFACE_VALID	NO_SEND_CANONICAL_REFERENCE_ONLY	DISPLAY_ACCESSION_DNA_STRUCTURE_UNAVAILABLE_CANONICAL_REFERENCE_SEPARATE	NO	HIGH	Canonical DBD coverage is at most 10%, while at least 40 non-DBD canonical residues align at at least 80% identity. PWM/database inclusion is not changed by this structural recommendation.
E9PPS9	EHF	Identical_PWM	ACCESSION_LACKS_DBD	Q9NZC4	CANONICAL_REFERENCE_INTERFACE_VALID	NO_SEND_CANONICAL_REFERENCE_ONLY	DISPLAY_ACCESSION_DNA_STRUCTURE_UNAVAILABLE_CANONICAL_REFERENCE_SEPARATE	NO	HIGH	Canonical DBD coverage is at most 10%, while at least 40 non-DBD canonical residues align at at least 80% identity. PWM/database inclusion is not changed by this structural recommendation.
E9PQA2	USF1	Identical_PWM	UNCERTAIN_MANUAL_REVIEW	H0YD59	CANONICAL_REFERENCE_INTERFACE_VALID	MANUAL_REVIEW_BEFORE_SENDING	NO_DISPLAY_CHANGE_PENDING_MANUAL_REVIEW	YES	LOW	Available evidence does not meet an approved automatic present/absent rule. PWM/database inclusion is not changed by this structural recommendation.
E9PQR6	EHF	Identical_PWM	ACCESSION_LACKS_DBD	Q9NZC4	CANONICAL_REFERENCE_INTERFACE_VALID	NO_SEND_CANONICAL_REFERENCE_ONLY	DISPLAY_ACCESSION_DNA_STRUCTURE_UNAVAILABLE_CANONICAL_REFERENCE_SEPARATE	NO	HIGH	Canonical DBD coverage is at most 10%, while at least 40 non-DBD canonical residues align at at least 80% identity. PWM/database inclusion is not changed by this structural recommendation.
E9PQX0	EHF	Identical_PWM	ACCESSION_LACKS_DBD	Q9NZC4	CANONICAL_REFERENCE_INTERFACE_VALID	NO_SEND_CANONICAL_REFERENCE_ONLY	DISPLAY_ACCESSION_DNA_STRUCTURE_UNAVAILABLE_CANONICAL_REFERENCE_SEPARATE	NO	HIGH	Canonical DBD coverage is at most 10%, while at least 40 non-DBD canonical residues align at at least 80% identity. PWM/database inclusion is not changed by this structural recommendation.
F5GWL1	SOX5	Identical_PWM	ACCESSION_LACKS_DBD	P35711	CANONICAL_REFERENCE_INTERFACE_VALID	NO_SEND_CANONICAL_REFERENCE_ONLY	DISPLAY_ACCESSION_DNA_STRUCTURE_UNAVAILABLE_CANONICAL_REFERENCE_SEPARATE	NO	HIGH	Canonical DBD coverage is at most 10%, while at least 40 non-DBD canonical residues align at at least 80% identity. PWM/database inclusion is not changed by this structural recommendation.
F6X9D6	RFX5	Identical_PWM	UNCERTAIN_MANUAL_REVIEW		NO_CANONICAL_REFERENCE_FOUND	MANUAL_REVIEW_BEFORE_SENDING	NO_DISPLAY_CHANGE_PENDING_MANUAL_REVIEW	YES	LOW	Available evidence does not meet an approved automatic present/absent rule. PWM/database inclusion is not changed by this structural recommendation.
G3V0H1	SOX5	Homologous_PWM	UNCERTAIN_MANUAL_REVIEW	P35711	CANONICAL_REFERENCE_INTERFACE_VALID	MANUAL_REVIEW_BEFORE_SENDING	NO_DISPLAY_CHANGE_PENDING_MANUAL_REVIEW	YES	LOW	Available evidence does not meet an approved automatic present/absent rule. PWM/database inclusion is not changed by this structural recommendation.
G3V289	FOS	Homologous_PWM	UNCERTAIN_MANUAL_REVIEW	P01100	CANONICAL_REFERENCE_INTERFACE_VALID	MANUAL_REVIEW_BEFORE_SENDING	NO_DISPLAY_CHANGE_PENDING_MANUAL_REVIEW	YES	LOW	Available evidence does not meet an approved automatic present/absent rule. PWM/database inclusion is not changed by this structural recommendation.
G3V302	MAX	Homologous_PWM	UNCERTAIN_MANUAL_REVIEW	Q8TAX8	CANONICAL_REFERENCE_INTERFACE_VALID	MANUAL_REVIEW_BEFORE_SENDING	NO_DISPLAY_CHANGE_PENDING_MANUAL_REVIEW	YES	LOW	Available evidence does not meet an approved automatic present/absent rule. PWM/database inclusion is not changed by this structural recommendation.
G3V447	ZBTB1	Homologous_PWM	UNCERTAIN_MANUAL_REVIEW		NO_CANONICAL_REFERENCE_FOUND	MANUAL_REVIEW_BEFORE_SENDING	NO_DISPLAY_CHANGE_PENDING_MANUAL_REVIEW	YES	LOW	Available evidence does not meet an approved automatic present/absent rule. PWM/database inclusion is not changed by this structural recommendation.
H0Y797	TEF	Identical_PWM	ACCESSION_LACKS_DBD	Q10587	CANONICAL_REFERENCE_INTERFACE_VALID	NO_SEND_CANONICAL_REFERENCE_ONLY	DISPLAY_ACCESSION_DNA_STRUCTURE_UNAVAILABLE_CANONICAL_REFERENCE_SEPARATE	NO	HIGH	Canonical DBD coverage is at most 10%, while at least 40 non-DBD canonical residues align at at least 80% identity. PWM/database inclusion is not changed by this structural recommendation.
H0Y7E5	SREBF2	Homologous_PWM	UNCERTAIN_MANUAL_REVIEW	Q12772	CANONICAL_REFERENCE_INTERFACE_VALID	MANUAL_REVIEW_BEFORE_SENDING	NO_DISPLAY_CHANGE_PENDING_MANUAL_REVIEW	YES	LOW	Available evidence does not meet an approved automatic present/absent rule. PWM/database inclusion is not changed by this structural recommendation.
H0YG25	ETV6	Identical_PWM	ACCESSION_LACKS_DBD	A0A0S2Z3C9	CANONICAL_REFERENCE_INTERFACE_VALID	NO_SEND_CANONICAL_REFERENCE_ONLY	DISPLAY_ACCESSION_DNA_STRUCTURE_UNAVAILABLE_CANONICAL_REFERENCE_SEPARATE	NO	HIGH	Canonical DBD coverage is at most 10%, while at least 40 non-DBD canonical residues align at at least 80% identity. PWM/database inclusion is not changed by this structural recommendation.
H0YGT3	ESRRA	Homologous_PWM	UNCERTAIN_MANUAL_REVIEW	F5H0E9	CANONICAL_REFERENCE_INTERFACE_VALID	MANUAL_REVIEW_BEFORE_SENDING	NO_DISPLAY_CHANGE_PENDING_MANUAL_REVIEW	YES	LOW	Available evidence does not meet an approved automatic present/absent rule. PWM/database inclusion is not changed by this structural recommendation.
H0YNG1	POU2F2	Homologous_PWM	UNCERTAIN_MANUAL_REVIEW	U3KQ96	CANONICAL_REFERENCE_INTERFACE_VALID	MANUAL_REVIEW_BEFORE_SENDING	NO_DISPLAY_CHANGE_PENDING_MANUAL_REVIEW	YES	LOW	Available evidence does not meet an approved automatic present/absent rule. PWM/database inclusion is not changed by this structural recommendation.
H2BNB9	ETV6;INO80D	Identical_PWM	UNCERTAIN_MANUAL_REVIEW		NO_CANONICAL_REFERENCE_FOUND	MANUAL_REVIEW_BEFORE_SENDING	NO_DISPLAY_CHANGE_PENDING_MANUAL_REVIEW	YES	LOW	Available evidence does not meet an approved automatic present/absent rule. PWM/database inclusion is not changed by this structural recommendation.
H7C4N4	TFAP2A	Identical_PWM	VALID_DBD_FRAGMENT_MODEL		NOT_APPLICABLE	NO_SEND_USE_EXISTING_DBD_FRAGMENT	DISPLAY_ACCESSION_DNA_STRUCTURE_AVAILABLE_DRAFT	NO	HIGH	Reviewed expected-DBD Pfam fragment was sent and has a nonempty protein-DNA interface. PWM/database inclusion is not changed by this structural recommendation.
I3L0A5	SOX5	Homologous_PWM	ACCESSION_LACKS_DBD	P35711	CANONICAL_REFERENCE_INTERFACE_VALID	NO_SEND_CANONICAL_REFERENCE_ONLY	DISPLAY_ACCESSION_DNA_STRUCTURE_UNAVAILABLE_CANONICAL_REFERENCE_SEPARATE	NO	HIGH	Canonical DBD coverage is at most 10%, while at least 40 non-DBD canonical residues align at at least 80% identity. PWM/database inclusion is not changed by this structural recommendation.
K7ELF3	TCF3	Identical_PWM	UNCERTAIN_MANUAL_REVIEW	K7ENH8	CANONICAL_REFERENCE_INTERFACE_VALID	MANUAL_REVIEW_BEFORE_SENDING	NO_DISPLAY_CHANGE_PENDING_MANUAL_REVIEW	YES	LOW	Available evidence does not meet an approved automatic present/absent rule. PWM/database inclusion is not changed by this structural recommendation.
K7EMD1	SREBF1	Identical_PWM	ACCESSION_LACKS_DBD	P36956	CANONICAL_REFERENCE_INTERFACE_VALID	NO_SEND_CANONICAL_REFERENCE_ONLY	DISPLAY_ACCESSION_DNA_STRUCTURE_UNAVAILABLE_CANONICAL_REFERENCE_SEPARATE	NO	HIGH	Canonical DBD coverage is at most 10%, while at least 40 non-DBD canonical residues align at at least 80% identity. PWM/database inclusion is not changed by this structural recommendation.
K7ENI0	TCF3	Identical_PWM	UNCERTAIN_MANUAL_REVIEW	K7ENH8	CANONICAL_REFERENCE_INTERFACE_VALID	MANUAL_REVIEW_BEFORE_SENDING	NO_DISPLAY_CHANGE_PENDING_MANUAL_REVIEW	YES	LOW	Available evidence does not meet an approved automatic present/absent rule. PWM/database inclusion is not changed by this structural recommendation.
O14593	RFXANK ANKRA1 RFXB	Identical_PWM	COFACTOR_OR_NON_DNA_BINDING_COMPONENT		NOT_APPLICABLE	NO_SEND_MARK_DNA_STRUCTURE_UNAVAILABLE	DISPLAY_NON_DNA_BINDING_COMPONENT_NO_DNA_STRUCTURE	NO	HIGH	Reviewed domain evidence supports a non-DNA-binding cofactor or complex component, not an accession DBD. PWM/database inclusion is not changed by this structural recommendation.
O75780	PPARA	Homologous_PWM	ACCESSION_LACKS_DBD	Q07869	CANONICAL_REFERENCE_FOUND_NOT_VALIDATED	NO_SEND_MARK_DNA_STRUCTURE_UNAVAILABLE	DISPLAY_ACCESSION_DNA_STRUCTURE_UNAVAILABLE_CANONICAL_REFERENCE_SEPARATE	NO	HIGH	Canonical DBD coverage is at most 10%, while at least 40 non-DBD canonical residues align at at least 80% identity. PWM/database inclusion is not changed by this structural recommendation.
Q13951	CBFB	Identical_PWM	COFACTOR_OR_NON_DNA_BINDING_COMPONENT		NOT_APPLICABLE	NO_SEND_MARK_DNA_STRUCTURE_UNAVAILABLE	DISPLAY_NON_DNA_BINDING_COMPONENT_NO_DNA_STRUCTURE	NO	HIGH	Reviewed domain evidence supports a non-DNA-binding cofactor or complex component, not an accession DBD. PWM/database inclusion is not changed by this structural recommendation.
Q59EB9	ZFX	Homologous_PWM	ACCESSION_LACKS_DBD	B7ZKJ5	CANONICAL_REFERENCE_INTERFACE_VALID	NO_SEND_CANONICAL_REFERENCE_ONLY	DISPLAY_ACCESSION_DNA_STRUCTURE_UNAVAILABLE_CANONICAL_REFERENCE_SEPARATE	NO	HIGH	Canonical DBD coverage is at most 10%, while at least 40 non-DBD canonical residues align at at least 80% identity. PWM/database inclusion is not changed by this structural recommendation.
Q59EF3	TEAD1	Identical_PWM	UNCERTAIN_MANUAL_REVIEW	H0YE88	CANONICAL_REFERENCE_INTERFACE_VALID	MANUAL_REVIEW_BEFORE_SENDING	NO_DISPLAY_CHANGE_PENDING_MANUAL_REVIEW	YES	LOW	Available evidence does not meet an approved automatic present/absent rule. PWM/database inclusion is not changed by this structural recommendation.
Q5T4K9	CREB3L4	Identical_PWM	ACCESSION_LACKS_DBD	Q8TEY5	CANONICAL_REFERENCE_INTERFACE_VALID	NO_SEND_CANONICAL_REFERENCE_ONLY	DISPLAY_ACCESSION_DNA_STRUCTURE_UNAVAILABLE_CANONICAL_REFERENCE_SEPARATE	NO	HIGH	Canonical DBD coverage is at most 10%, while at least 40 non-DBD canonical residues align at at least 80% identity. PWM/database inclusion is not changed by this structural recommendation.
Q5T4L2	CREB3L4	Homologous_PWM	ACCESSION_LACKS_DBD	Q8TEY5	CANONICAL_REFERENCE_INTERFACE_VALID	NO_SEND_CANONICAL_REFERENCE_ONLY	DISPLAY_ACCESSION_DNA_STRUCTURE_UNAVAILABLE_CANONICAL_REFERENCE_SEPARATE	NO	HIGH	Canonical DBD coverage is at most 10%, while at least 40 non-DBD canonical residues align at at least 80% identity. PWM/database inclusion is not changed by this structural recommendation.
Q5VVR5	TCF7L2	Homologous_PWM	UNCERTAIN_MANUAL_REVIEW	H0YEE5	CANONICAL_REFERENCE_INTERFACE_VALID	MANUAL_REVIEW_BEFORE_SENDING	NO_DISPLAY_CHANGE_PENDING_MANUAL_REVIEW	YES	LOW	Available evidence does not meet an approved automatic present/absent rule. PWM/database inclusion is not changed by this structural recommendation.
Q68D60	DKFZp686N2325	Homologous_PWM	UNCERTAIN_MANUAL_REVIEW		NO_CANONICAL_REFERENCE_FOUND	MANUAL_REVIEW_BEFORE_SENDING	NO_DISPLAY_CHANGE_PENDING_MANUAL_REVIEW	YES	LOW	Available evidence does not meet an approved automatic present/absent rule. PWM/database inclusion is not changed by this structural recommendation.
Q6L9M1	PPARG	Identical_PWM	UNCERTAIN_MANUAL_REVIEW	Q4W4C7	CANONICAL_REFERENCE_INTERFACE_VALID	MANUAL_REVIEW_BEFORE_SENDING	NO_DISPLAY_CHANGE_PENDING_MANUAL_REVIEW	YES	LOW	Available evidence does not meet an approved automatic present/absent rule. PWM/database inclusion is not changed by this structural recommendation.
Q6NZ39	LMX1A hCG_21707	Identical_PWM	ACCESSION_LACKS_DBD	Q8TE12	CANONICAL_REFERENCE_INTERFACE_VALID	NO_SEND_CANONICAL_REFERENCE_ONLY	DISPLAY_ACCESSION_DNA_STRUCTURE_UNAVAILABLE_CANONICAL_REFERENCE_SEPARATE	NO	HIGH	Canonical DBD coverage is at most 10%, while at least 40 non-DBD canonical residues align at at least 80% identity. PWM/database inclusion is not changed by this structural recommendation.
Q709A9	TFEB	Identical_PWM	UNCERTAIN_MANUAL_REVIEW	A0A7I2YQR9	CANONICAL_REFERENCE_INTERFACE_VALID	MANUAL_REVIEW_BEFORE_SENDING	NO_DISPLAY_CHANGE_PENDING_MANUAL_REVIEW	YES	LOW	Available evidence does not meet an approved automatic present/absent rule. PWM/database inclusion is not changed by this structural recommendation.
Q86VD4	CREB3L2	Homologous_PWM	UNCERTAIN_MANUAL_REVIEW	Q70SY1	CANONICAL_REFERENCE_INTERFACE_VALID	MANUAL_REVIEW_BEFORE_SENDING	NO_DISPLAY_CHANGE_PENDING_MANUAL_REVIEW	YES	LOW	Available evidence does not meet an approved automatic present/absent rule. PWM/database inclusion is not changed by this structural recommendation.
Q8NHZ2	ZFX	Homologous_PWM	ACCESSION_LACKS_DBD	B7ZKJ5	CANONICAL_REFERENCE_INTERFACE_VALID	NO_SEND_CANONICAL_REFERENCE_ONLY	DISPLAY_ACCESSION_DNA_STRUCTURE_UNAVAILABLE_CANONICAL_REFERENCE_SEPARATE	NO	HIGH	Canonical DBD coverage is at most 10%, while at least 40 non-DBD canonical residues align at at least 80% identity. PWM/database inclusion is not changed by this structural recommendation.
Q8NHZ3	ZFX	Homologous_PWM	ACCESSION_LACKS_DBD	B7ZKJ5	CANONICAL_REFERENCE_INTERFACE_VALID	NO_SEND_CANONICAL_REFERENCE_ONLY	DISPLAY_ACCESSION_DNA_STRUCTURE_UNAVAILABLE_CANONICAL_REFERENCE_SEPARATE	NO	HIGH	Canonical DBD coverage is at most 10%, while at least 40 non-DBD canonical residues align at at least 80% identity. PWM/database inclusion is not changed by this structural recommendation.
Q8NHZ4	ZFX	Homologous_PWM	ACCESSION_LACKS_DBD	B7ZKJ5	CANONICAL_REFERENCE_INTERFACE_VALID	NO_SEND_CANONICAL_REFERENCE_ONLY	DISPLAY_ACCESSION_DNA_STRUCTURE_UNAVAILABLE_CANONICAL_REFERENCE_SEPARATE	NO	HIGH	Canonical DBD coverage is at most 10%, while at least 40 non-DBD canonical residues align at at least 80% identity. PWM/database inclusion is not changed by this structural recommendation.
Q8NHZ5	ZFX	Homologous_PWM	ACCESSION_LACKS_DBD	B7ZKJ5	CANONICAL_REFERENCE_INTERFACE_VALID	NO_SEND_CANONICAL_REFERENCE_ONLY	DISPLAY_ACCESSION_DNA_STRUCTURE_UNAVAILABLE_CANONICAL_REFERENCE_SEPARATE	NO	HIGH	Canonical DBD coverage is at most 10%, while at least 40 non-DBD canonical residues align at at least 80% identity. PWM/database inclusion is not changed by this structural recommendation.
Q8WXB8	ZFX	Homologous_PWM	ACCESSION_LACKS_DBD	B7ZKJ5	CANONICAL_REFERENCE_INTERFACE_VALID	NO_SEND_CANONICAL_REFERENCE_ONLY	DISPLAY_ACCESSION_DNA_STRUCTURE_UNAVAILABLE_CANONICAL_REFERENCE_SEPARATE	NO	HIGH	Canonical DBD coverage is at most 10%, while at least 40 non-DBD canonical residues align at at least 80% identity. PWM/database inclusion is not changed by this structural recommendation.
Q8WXB9	ZFX	Homologous_PWM	ACCESSION_LACKS_DBD	B7ZKJ5	CANONICAL_REFERENCE_INTERFACE_VALID	NO_SEND_CANONICAL_REFERENCE_ONLY	DISPLAY_ACCESSION_DNA_STRUCTURE_UNAVAILABLE_CANONICAL_REFERENCE_SEPARATE	NO	HIGH	Canonical DBD coverage is at most 10%, while at least 40 non-DBD canonical residues align at at least 80% identity. PWM/database inclusion is not changed by this structural recommendation.
Q96QL7	ATF6B	Homologous_PWM	ACCESSION_LACKS_DBD	Q6AZW6	CANONICAL_REFERENCE_INTERFACE_VALID	NO_SEND_CANONICAL_REFERENCE_ONLY	DISPLAY_ACCESSION_DNA_STRUCTURE_UNAVAILABLE_CANONICAL_REFERENCE_SEPARATE	NO	HIGH	Canonical DBD coverage is at most 10%, while at least 40 non-DBD canonical residues align at at least 80% identity. PWM/database inclusion is not changed by this structural recommendation.
Q9Y2W8	ESR1	Identical_PWM	ACCESSION_LACKS_DBD	P03372	CANONICAL_REFERENCE_FOUND_NOT_VALIDATED	NO_SEND_MARK_DNA_STRUCTURE_UNAVAILABLE	DISPLAY_ACCESSION_DNA_STRUCTURE_UNAVAILABLE_CANONICAL_REFERENCE_SEPARATE	NO	HIGH	Canonical DBD coverage is at most 10%, while at least 40 non-DBD canonical residues align at at least 80% identity. PWM/database inclusion is not changed by this structural recommendation.
X5D8U0	ARNT2	Homologous_PWM	UNCERTAIN_MANUAL_REVIEW	X5DRE4	CANONICAL_REFERENCE_INTERFACE_VALID	MANUAL_REVIEW_BEFORE_SENDING	NO_DISPLAY_CHANGE_PENDING_MANUAL_REVIEW	YES	LOW	Available evidence does not meet an approved automatic present/absent rule. PWM/database inclusion is not changed by this structural recommendation.
