failed_accession	gene	protein_description	failed_sequence_length	failed_sequence_sha256	DBD_disposition	expected_DBD_type	expected_DBD_canonical_start	expected_DBD_canonical_end	DBD_aligned_residues	DBD_coverage_percent	DBD_identity_percent	failed_coordinates_corresponding_to_DBD	reviewed_canonical_accession	model_bearing_accession	actual_accession_represented_by_PDB	canonical_reference_model	canonical_reference_interface_status	valid_existing_fragment_model	original_fragment_status	primary_structural_status	action_for_baldo	send_coordinates	database_display_recommendation	decision_reason	remaining_uncertainty	fusion_parent_analysis	local_sequence_search_results	draft_status
A0A0A7M2K0	ZFPM2;ELF5	ZFPM2-ELF5 fusion protein	177	b665e45bf3c04a20df9179e5d6809bb21ca1174a78b4b2f0c048bed427006838	UNCERTAIN				0	0.00	0.00						NOT_VALIDATED	NO	NO_VALID_DBD_FRAGMENT	UNCERTAIN_MANUAL_REVIEW	MANUAL_REVIEW_BEFORE_SENDING		Manual review unresolved.	Parent-by-parent alignments do not demonstrate a complete high-confidence DBD.	Fusion structure and breakpoint remain unresolved; no TF-parent DBD is assumed.	"[{""DBD_aligned_residues"":0,""DBD_coverage_percent"":0.0,""DBD_end"":"""",""DBD_identity_percent"":0.0,""DBD_start"":"""",""complete_DBD"":false,""expected_DBD_type"":"""",""failed_coordinates"":"""",""matched_parent_span"":"""",""parent_accession"":""Q8WW38"",""parent_gene"":""ZFPM2"",""parent_sequence_length"":1151,""partial_DBD"":false,""relationship"":""NO_CANONICAL_DBD_COORDINATES""},{""DBD_aligned_residues"":3,""DBD_coverage_percent"":3.7,""DBD_end"":253,""DBD_identity_percent"":100.0,""DBD_start"":173,""complete_DBD"":false,""expected_DBD_type"":""PF00178:Ets-domain"",""failed_coordinates"":""173-175"",""matched_parent_span"":""2-257"",""parent_accession"":""Q9UKW6"",""parent_gene"":""ELF5"",""parent_sequence_length"":265,""partial_DBD"":false,""relationship"":""LACKS_DBD_UNRESOLVED_TOPOLOGY""}]"		FINAL_ADJUDICATION_DRAFT_NOT_PUBLIC
A0A0S2Z3Q5	EGR2	Early growth response 2 isoform 1	282	05f5f61b0b778aa4152d452e8078dca6051c621d8a6b93cefb105942e9274978	NO_DBD				0	0.00	0.00		A0A8I5KYI5	A0A8I5KYI5	A0A8I5KYI5	/data/sbi/interchange/boliva/patricia/models/TFS_A0A8I5KYI5:350:435_4r2a_A_1.pdb	PASS_NONEMPTY_PROTEIN_DNA_INTERFACE	NO	NO_VALID_DBD_FRAGMENT	ACCESSION_LACKS_DBD	NO_SEND_CANONICAL_REFERENCE_ONLY		Canonical same-gene reference available from accession A0A8I5KYI5; label explicitly as a reference.	Canonical DBD coverage is at most 10%, while at least 40 non-DBD canonical residues align at at least 80% identity. PWM/database inclusion is not changed by this structural recommendation.				FINAL_ADJUDICATION_DRAFT_NOT_PUBLIC
A0A0U4U3E8	SOX9	SRY (Sex determining region Y)-box9	159	11475cf90d1263686caacea1da476e9acc6dd6a9e73ec1c1782d367de86b6ae6	NO_DBD				0	0.00	0.00		P48436	P48436	P48436	/data/sbi/interchange/boliva/patricia/models/TFS_P48436:103:174_4euw_A_1.pdb	PASS_NONEMPTY_PROTEIN_DNA_INTERFACE	NO	NO_VALID_DBD_FRAGMENT	ACCESSION_LACKS_DBD	NO_SEND_CANONICAL_REFERENCE_ONLY		Canonical same-gene reference available from accession P48436; label explicitly as a reference.	Canonical DBD coverage is at most 10%, while at least 40 non-DBD canonical residues align at at least 80% identity. PWM/database inclusion is not changed by this structural recommendation.				FINAL_ADJUDICATION_DRAFT_NOT_PUBLIC
A0A1B0GUL0	EGR2	E3 SUMO-protein ligase EGR2	139	ddcc2e49baba0c1b2e48e2db5ca234c19c119d9a992309dd0a526475e924fda2	NO_DBD				0	0.00	0.00		A0A8I5KYI5	A0A8I5KYI5	A0A8I5KYI5	/data/sbi/interchange/boliva/patricia/models/TFS_A0A8I5KYI5:350:435_4r2a_A_1.pdb	PASS_NONEMPTY_PROTEIN_DNA_INTERFACE	NO	NO_VALID_DBD_FRAGMENT	ACCESSION_LACKS_DBD	NO_SEND_CANONICAL_REFERENCE_ONLY		Canonical same-gene reference available from accession A0A8I5KYI5; label explicitly as a reference.	Canonical DBD coverage is at most 10%, while at least 40 non-DBD canonical residues align at at least 80% identity. PWM/database inclusion is not changed by this structural recommendation.				FINAL_ADJUDICATION_DRAFT_NOT_PUBLIC
A0A2R8Y7P3	SOX5	SRY-box transcription factor 5	107	33306dee952520d8f0f00b058dc74a7a5ef07fd2e609fdd033f98b0b4c43b8eb	NO_DBD				0	0.00	0.00		P35711	P35711	P35711	/data/sbi/interchange/boliva/patricia/models/TFS_P35711:553:634_1j46_A_1.pdb	PASS_NONEMPTY_PROTEIN_DNA_INTERFACE	NO	NO_VALID_DBD_FRAGMENT	ACCESSION_LACKS_DBD	NO_SEND_CANONICAL_REFERENCE_ONLY		Canonical same-gene reference available from accession P35711; label explicitly as a reference.	Canonical DBD coverage is at most 10%, while at least 40 non-DBD canonical residues align at at least 80% identity. PWM/database inclusion is not changed by this structural recommendation.				FINAL_ADJUDICATION_DRAFT_NOT_PUBLIC
A0A494C0B5	STAT2	Signal transducer and activator of transcription 2	199	81f5a2bd5eff479debb8cdedc3d18104499afc76fd70cea451b37c5ea23c4f21	NO_DBD				0	0.00	0.00		P52630	P52630	P52630	/data/sbi/interchange/boliva/patricia/models/TFS_P52630:141:678_1bf5_A_1.pdb	PASS_NONEMPTY_PROTEIN_DNA_INTERFACE	NO	NON_DBD_CONTACTS_NOT_ACCEPTED	ACCESSION_LACKS_DBD	NO_SEND_CANONICAL_REFERENCE_ONLY		Canonical same-gene reference available from accession P52630; label explicitly as a reference.	Canonical DBD coverage is at most 10%, while at least 40 non-DBD canonical residues align at at least 80% identity. PWM/database inclusion is not changed by this structural recommendation.				FINAL_ADJUDICATION_DRAFT_NOT_PUBLIC
A0A494C1L3	STAT2	Signal transducer and activator of transcription 2	261	1695519ae4962015ffb0df5723a43a147fbd28612bb768fd4282d305d8690e15	NO_DBD				0	0.00	0.00		P52630	P52630	P52630	/data/sbi/interchange/boliva/patricia/models/TFS_P52630:141:678_1bf5_A_1.pdb	PASS_NONEMPTY_PROTEIN_DNA_INTERFACE	NO	NO_VALID_DBD_FRAGMENT	ACCESSION_LACKS_DBD	NO_SEND_CANONICAL_REFERENCE_ONLY		Canonical same-gene reference available from accession P52630; label explicitly as a reference.	Canonical DBD coverage is at most 10%, while at least 40 non-DBD canonical residues align at at least 80% identity. PWM/database inclusion is not changed by this structural recommendation.				FINAL_ADJUDICATION_DRAFT_NOT_PUBLIC
A0A6Q8PFH6	ATF4	Cyclic AMP-dependent transcription factor ATF-4	126	e1ac67f0c3ce679b75c761679f98afc8e53e636e2202561d784f5c5107c7927a	NO_DBD				0	0.00	0.00		P18848	P18848	P18848	/data/sbi/interchange/boliva/patricia/models/TFS_P18848:279:338_2wt7_A_1.pdb	PASS_NONEMPTY_PROTEIN_DNA_INTERFACE	NO	NO_VALID_DBD_FRAGMENT	ACCESSION_LACKS_DBD	NO_SEND_CANONICAL_REFERENCE_ONLY		Canonical same-gene reference available from accession P18848; label explicitly as a reference.	Canonical DBD coverage is at most 10%, while at least 40 non-DBD canonical residues align at at least 80% identity. PWM/database inclusion is not changed by this structural recommendation.				FINAL_ADJUDICATION_DRAFT_NOT_PUBLIC
A0A6Q8PGY1	ATF4	Cyclic AMP-dependent transcription factor ATF-4	189	5122aa02a08ced5dc94e6e31c235714455ccdc716d894a645bfae418ea7ea8df	NO_DBD				0	0.00	0.00		P18848	P18848	P18848	/data/sbi/interchange/boliva/patricia/models/TFS_P18848:279:338_2wt7_A_1.pdb	PASS_NONEMPTY_PROTEIN_DNA_INTERFACE	NO	NO_VALID_DBD_FRAGMENT	ACCESSION_LACKS_DBD	NO_SEND_CANONICAL_REFERENCE_ONLY		Canonical same-gene reference available from accession P18848; label explicitly as a reference.	Canonical DBD coverage is at most 10%, while at least 40 non-DBD canonical residues align at at least 80% identity. PWM/database inclusion is not changed by this structural recommendation.				FINAL_ADJUDICATION_DRAFT_NOT_PUBLIC
A0A6Q8PHB3	ATF4	Cyclic AMP-dependent transcription factor ATF-4	121	2655104bc4fdcbe33e470dfefe602f3a7a4edd2c09704d377862cca9b1370471	NO_DBD				0	0.00	0.00		P18848	P18848	P18848	/data/sbi/interchange/boliva/patricia/models/TFS_P18848:279:338_2wt7_A_1.pdb	PASS_NONEMPTY_PROTEIN_DNA_INTERFACE	NO	NO_VALID_DBD_FRAGMENT	ACCESSION_LACKS_DBD	NO_SEND_CANONICAL_REFERENCE_ONLY		Canonical same-gene reference available from accession P18848; label explicitly as a reference.	Canonical DBD coverage is at most 10%, while at least 40 non-DBD canonical residues align at at least 80% identity. PWM/database inclusion is not changed by this structural recommendation.				FINAL_ADJUDICATION_DRAFT_NOT_PUBLIC
A0A7P0T8Y1	ATF6	Activating transcription factor 6	150	b318de6e1190ba01ca669cc8ce085e975691636ab5afb8c14b8c2bc305cad553	NO_DBD				0	0.00	0.00		A0A7P0TAH1	A0A7P0TAH1	A0A7P0TAH1	/data/sbi/interchange/boliva/patricia/models/TFS_A0A7P0TAH1:289:362_1nkp_A_1.pdb	PASS_NONEMPTY_PROTEIN_DNA_INTERFACE	NO	NO_VALID_DBD_FRAGMENT	ACCESSION_LACKS_DBD	NO_SEND_CANONICAL_REFERENCE_ONLY		Canonical same-gene reference available from accession A0A7P0TAH1; label explicitly as a reference.	Canonical DBD coverage is at most 10%, while at least 40 non-DBD canonical residues align at at least 80% identity. PWM/database inclusion is not changed by this structural recommendation.				FINAL_ADJUDICATION_DRAFT_NOT_PUBLIC
A0A7P0T992	ATF6	Activating transcription factor 6	286	026690aa0fc7bb1b4bf7b3bf4fdc2143de990a920c16bd76932dfddfc6b041d4	NO_DBD				0	0.00	0.00		A0A7P0TAH1	A0A7P0TAH1	A0A7P0TAH1	/data/sbi/interchange/boliva/patricia/models/TFS_A0A7P0TAH1:289:362_1nkp_A_1.pdb	PASS_NONEMPTY_PROTEIN_DNA_INTERFACE	NO	NO_VALID_DBD_FRAGMENT	ACCESSION_LACKS_DBD	NO_SEND_CANONICAL_REFERENCE_ONLY		Canonical same-gene reference available from accession A0A7P0TAH1; label explicitly as a reference.	Canonical DBD coverage is at most 10%, while at least 40 non-DBD canonical residues align at at least 80% identity. PWM/database inclusion is not changed by this structural recommendation.				FINAL_ADJUDICATION_DRAFT_NOT_PUBLIC
A0A7P0TAB8	ATF6	Activating transcription factor 6	89	8aba7e54ff41fc9b954159b2a8eebee15ed8ef157ac7aa1631f0694f5143b4b7	NO_DBD				0	0.00	0.00		A0A7P0TAH1	A0A7P0TAH1	A0A7P0TAH1	/data/sbi/interchange/boliva/patricia/models/TFS_A0A7P0TAH1:289:362_1nkp_A_1.pdb	PASS_NONEMPTY_PROTEIN_DNA_INTERFACE	NO	NO_VALID_DBD_FRAGMENT	ACCESSION_LACKS_DBD	NO_SEND_CANONICAL_REFERENCE_ONLY		Canonical same-gene reference available from accession A0A7P0TAH1; label explicitly as a reference.	Canonical DBD coverage is at most 10%, while at least 40 non-DBD canonical residues align at at least 80% identity. PWM/database inclusion is not changed by this structural recommendation.				FINAL_ADJUDICATION_DRAFT_NOT_PUBLIC
A0A804HIG1	PPARG	Peroxisome proliferator-activated receptor gamma (PPAR-gamma) (Nuclear receptor subfamily 1 group C member 3)	92	5cbe4d87643775a8a242e59f1003c712cb4af78aa2fdd69e4dc0e6836a133260	NO_DBD				0	0.00	0.00		Q4W4C7	Q4W4C7	Q4W4C7	/data/sbi/interchange/boliva/patricia/models/TFS_Q4W4C7:121:201_1a6y_B_1.pdb	PASS_NONEMPTY_PROTEIN_DNA_INTERFACE	NO	NO_VALID_DBD_FRAGMENT	ACCESSION_LACKS_DBD	NO_SEND_CANONICAL_REFERENCE_ONLY		Canonical same-gene reference available from accession Q4W4C7; label explicitly as a reference.	Canonical DBD coverage is at most 10%, while at least 40 non-DBD canonical residues align at at least 80% identity. PWM/database inclusion is not changed by this structural recommendation.				FINAL_ADJUDICATION_DRAFT_NOT_PUBLIC
A0A804HLH1	PPARG	Peroxisome proliferator-activated receptor gamma (PPAR-gamma) (Nuclear receptor subfamily 1 group C member 3)	77	609d3929bfb8b0c8da42cd50ee08429d66a828f6056c3f1a0ce6735a6ffc7cdd	UNCERTAIN	PF00105:Double treble clef zinc finger, C4 type	138	204	7	10.45	100.00	59-65	P37231	Q4W4C7	Q4W4C7	/data/sbi/interchange/boliva/patricia/models/TFS_Q4W4C7:121:201_1a6y_B_1.pdb	PASS_NONEMPTY_PROTEIN_DNA_INTERFACE	NO	NO_VALID_DBD_FRAGMENT	UNCERTAIN_MANUAL_REVIEW	MANUAL_REVIEW_BEFORE_SENDING		Manual review unresolved.	Available evidence does not meet an approved automatic present/absent rule. PWM/database inclusion is not changed by this structural recommendation.	Coverage/identity does not satisfy a conservative automatic rule.			FINAL_ADJUDICATION_DRAFT_NOT_PUBLIC
A0A8Q3WLX6	ZBTB18	Zinc finger and BTB domain containing 18	227	cbba98282aa0f4adb5f22035408e9e7e7296a64f88165bec2b1b7beee91c816d	NO_DBD				0	0.00	0.00		Q99592	Q99592	Q99592	/data/sbi/interchange/boliva/patricia/models/TFS_Q99592:409:485_1ubd_C_1.pdb	PASS_NONEMPTY_PROTEIN_DNA_INTERFACE	NO	NO_VALID_DBD_FRAGMENT	ACCESSION_LACKS_DBD	NO_SEND_CANONICAL_REFERENCE_ONLY		Canonical same-gene reference available from accession Q99592; label explicitly as a reference.	Canonical DBD coverage is at most 10%, while at least 40 non-DBD canonical residues align at at least 80% identity. PWM/database inclusion is not changed by this structural recommendation.				FINAL_ADJUDICATION_DRAFT_NOT_PUBLIC
A0A8V8TLI6	STAT1	Signal transducer and activator of transcription 1	212	82d3ef206757a88bc3c4601ca71128abee3f5afd3a8a67bdb5c12f7b19401a5f	NO_DBD				0	0.00	0.00		A0A669KB52	A0A669KB52	A0A669KB52	/data/sbi/interchange/boliva/patricia/models/TFS_A0A669KB52:136:624_1bf5_A_1.pdb	PASS_NONEMPTY_PROTEIN_DNA_INTERFACE	NO	NO_VALID_DBD_FRAGMENT	ACCESSION_LACKS_DBD	NO_SEND_CANONICAL_REFERENCE_ONLY		Canonical same-gene reference available from accession A0A669KB52; label explicitly as a reference.	Canonical DBD coverage is at most 10%, while at least 40 non-DBD canonical residues align at at least 80% identity. PWM/database inclusion is not changed by this structural recommendation.				FINAL_ADJUDICATION_DRAFT_NOT_PUBLIC
A0A8V8TM03	ZBTB18	Zinc finger and BTB domain containing 18	139	b7ddcd81c7ea38592d1757fc35ccb7277153e4cddc142c7a456bf5798e3e134b	NO_DBD				0	0.00	0.00		Q99592	Q99592	Q99592	/data/sbi/interchange/boliva/patricia/models/TFS_Q99592:409:485_1ubd_C_1.pdb	PASS_NONEMPTY_PROTEIN_DNA_INTERFACE	NO	NO_VALID_DBD_FRAGMENT	ACCESSION_LACKS_DBD	NO_SEND_CANONICAL_REFERENCE_ONLY		Canonical same-gene reference available from accession Q99592; label explicitly as a reference.	Canonical DBD coverage is at most 10%, while at least 40 non-DBD canonical residues align at at least 80% identity. PWM/database inclusion is not changed by this structural recommendation.				FINAL_ADJUDICATION_DRAFT_NOT_PUBLIC
A0A994J4I4	SOX5	SRY-box transcription factor 5	229	59aa5b0e627adffa60395da26012d88e6d5d55f4ff07f3f19539e44745791c54	NO_DBD				0	0.00	0.00		P35711	P35711	P35711	/data/sbi/interchange/boliva/patricia/models/TFS_P35711:553:634_1j46_A_1.pdb	PASS_NONEMPTY_PROTEIN_DNA_INTERFACE	NO	NO_VALID_DBD_FRAGMENT	ACCESSION_LACKS_DBD	NO_SEND_CANONICAL_REFERENCE_ONLY		Canonical same-gene reference available from accession P35711; label explicitly as a reference.	Canonical DBD coverage is at most 10%, while at least 40 non-DBD canonical residues align at at least 80% identity. PWM/database inclusion is not changed by this structural recommendation.				FINAL_ADJUDICATION_DRAFT_NOT_PUBLIC
A0A994J7B2	TCF3	Transcription factor 3	132	3145943cc4178a2ca097665603a5c7e1bb3aaeb4006b4d23fcf13afc715c84b3	NO_DBD	PF00010:Helix-loop-helix DNA-binding domain	550	603	3	5.56	100.00	126-128	P15923	K7ENH8	K7ENH8	/data/sbi/interchange/boliva/patricia/models/TFS_K7ENH8:199:272_2ypb_B_1.pdb	PASS_NONEMPTY_PROTEIN_DNA_INTERFACE	NO	NO_VALID_DBD_FRAGMENT	ACCESSION_LACKS_DBD	NO_SEND_CANONICAL_REFERENCE_ONLY		Canonical same-gene reference available from accession P15923; label explicitly as a reference.	DBD coverage is at most 10%; at least 40 non-DBD residues align at at least 80% identity.				FINAL_ADJUDICATION_DRAFT_NOT_PUBLIC
A2AB93	ZBTB22	Zinc finger and BTB domain containing 22	149	ae666e0bfdcd71665de04e2ecc876125107d46bd68f3177cfaf2c5b0758f30d3	NO_DBD				0	0.00	0.00		O15209	O15209	O15209	/data/sbi/interchange/boliva/patricia/models/TFS_O15209:490:559_1a1f_A_1.pdb	PASS_NONEMPTY_PROTEIN_DNA_INTERFACE	NO	NO_VALID_DBD_FRAGMENT	ACCESSION_LACKS_DBD	NO_SEND_CANONICAL_REFERENCE_ONLY		Canonical same-gene reference available from accession O15209; label explicitly as a reference.	Canonical DBD coverage is at most 10%, while at least 40 non-DBD canonical residues align at at least 80% identity. PWM/database inclusion is not changed by this structural recommendation.				FINAL_ADJUDICATION_DRAFT_NOT_PUBLIC
A2RRN1	CREB3L2	CREB3L2 protein	174	300d2a8d25debd9f2e4534b57f422af28a7a05dc4658ae500828440e254e1f9e	NO_DBD				0	0.00	0.00		Q70SY1	Q70SY1	Q70SY1	/data/sbi/interchange/boliva/patricia/models/TFS_Q70SY1:295:354_1t2k_C_1.pdb	PASS_NONEMPTY_PROTEIN_DNA_INTERFACE	NO	NO_VALID_DBD_FRAGMENT	ACCESSION_LACKS_DBD	NO_SEND_CANONICAL_REFERENCE_ONLY		Canonical same-gene reference available from accession Q70SY1; label explicitly as a reference.	Canonical DBD coverage is at most 10%, while at least 40 non-DBD canonical residues align at at least 80% identity. PWM/database inclusion is not changed by this structural recommendation.				FINAL_ADJUDICATION_DRAFT_NOT_PUBLIC
A8K549	HOXA2	cDNA FLJ78348	248	27922460081c90fad660649fe6fce7a62ec219b725ecb6b6c30386b49d6045c3	UNCERTAIN	PF00046:Homeodomain	144	200	30	52.63	30.00	134-163	O43364				NOT_VALIDATED	NO	NO_VALID_DBD_FRAGMENT	UNCERTAIN_MANUAL_REVIEW	MANUAL_REVIEW_BEFORE_SENDING		Manual review unresolved.	Local TF search resolves a likely gene, but DBD completeness remains below adjudication thresholds.	Gene suggestion passes search thresholds; DBD interpretation remains uncertain.		"[{""accession"":""B3KU95"",""aligned_residues"":248,""gene"":""HOXA2"",""identity_percent"":99.19,""query_coverage_percent"":100.0,""sequence_length"":248},{""accession"":""Q9C0A1"",""aligned_residues"":248,""gene"":""ZFHX2"",""identity_percent"":90.73,""query_coverage_percent"":100.0,""sequence_length"":2572},{""accession"":""A0A2P1H683"",""aligned_residues"":248,""gene"":""ZFHX2"",""identity_percent"":90.73,""query_coverage_percent"":100.0,""sequence_length"":2572},{""accession"":""P10070"",""aligned_residues"":248,""gene"":""GLI2"",""identity_percent"":79.03,""query_coverage_percent"":100.0,""sequence_length"":1586},{""accession"":""O43364"",""aligned_residues"":247,""gene"":""HOXA2"",""identity_percent"":74.09,""query_coverage_percent"":99.6,""sequence_length"":376}]"	FINAL_ADJUDICATION_DRAFT_NOT_PUBLIC
A8MTU8	SREBF1	cDNA FLJ38006 fis, clone CTONG2012422, highly similar to Sterol regulatory element-binding protein 1	766	1cdb74fb6b085002144e40283f14ec4b3a0bc4243cddd68f82342fcd7f728893	UNCERTAIN	PF00010:Helix-loop-helix DNA-binding domain	324	374	11	21.57	72.73	68-78	P36956	P36956	P36956	/data/sbi/interchange/boliva/patricia/models/TFS_P36956:316:404_5i50_B_1.pdb	PASS_NONEMPTY_PROTEIN_DNA_INTERFACE	NO	NO_VALID_DBD_FRAGMENT	UNCERTAIN_MANUAL_REVIEW	MANUAL_REVIEW_BEFORE_SENDING		Manual review unresolved.	Available evidence does not meet an approved automatic present/absent rule. PWM/database inclusion is not changed by this structural recommendation.	Coverage/identity does not satisfy a conservative automatic rule.			FINAL_ADJUDICATION_DRAFT_NOT_PUBLIC
B1AKB1	TFEB	Transcription factor EB	222	d44a7927923839cecede87b608b453d5ff2a035ebb6d74f150c0c00c7d5d01ad	NO_DBD				0	0.00	0.00		A0A7I2YQR9	A0A7I2YQR9	A0A7I2YQR9	/data/sbi/interchange/boliva/patricia/models/TFS_A0A7I2YQR9:232:263_5nj8_B_1.pdb	PASS_NONEMPTY_PROTEIN_DNA_INTERFACE	NO	NO_VALID_DBD_FRAGMENT	ACCESSION_LACKS_DBD	NO_SEND_CANONICAL_REFERENCE_ONLY		Canonical same-gene reference available from accession A0A7I2YQR9; label explicitly as a reference.	Canonical DBD coverage is at most 10%, while at least 40 non-DBD canonical residues align at at least 80% identity. PWM/database inclusion is not changed by this structural recommendation.				FINAL_ADJUDICATION_DRAFT_NOT_PUBLIC
B1NY96	TCF3-ZNF384 fusion	E2A-NMP4 fusion protein	197	2256e0b00cd44f1c53a055a81f45bdb46d18f5c6227889b3196541053d0883ce	UNCERTAIN				0	0.00	0.00						NOT_VALIDATED	NO	NO_VALID_DBD_FRAGMENT	UNCERTAIN_MANUAL_REVIEW	MANUAL_REVIEW_BEFORE_SENDING		Manual review unresolved.	Parent-by-parent alignments do not demonstrate a complete high-confidence DBD.	Fusion structure and breakpoint remain unresolved; no TF-parent DBD is assumed.	"[{""DBD_aligned_residues"":9,""DBD_coverage_percent"":16.67,""DBD_end"":603,""DBD_identity_percent"":77.78,""DBD_start"":550,""complete_DBD"":false,""expected_DBD_type"":""PF00010:Helix-loop-helix DNA-binding domain"",""failed_coordinates"":""171-179"",""matched_parent_span"":""226-652"",""parent_accession"":""P15923"",""parent_gene"":""TCF3/E2A"",""parent_sequence_length"":654,""partial_DBD"":false,""relationship"":""PARTIAL_OR_DIVERGENT_DBD_UNRESOLVED""},{""DBD_aligned_residues"":64,""DBD_coverage_percent"":32.0,""DBD_end"":455,""DBD_identity_percent"":57.81,""DBD_start"":256,""complete_DBD"":false,""expected_DBD_type"":""PF00096:Zinc finger, C2H2 type;PF00096:Zinc finger, C2H2 type;PF00096:Zinc finger, C2H2 type;PF00096:Zinc finger, C2H2 type;PF00096:Zinc finger, C2H2 type;PF00096:Zinc finger, C2H2 type;PF00096:Zinc finger, C2H2 type"",""failed_coordinates"":""99-162"",""matched_parent_span"":""3-575"",""parent_accession"":""Q8TF68"",""parent_gene"":""ZNF384/NMP4"",""parent_sequence_length"":577,""partial_DBD"":false,""relationship"":""PARTIAL_OR_DIVERGENT_DBD_UNRESOLVED""}]"		FINAL_ADJUDICATION_DRAFT_NOT_PUBLIC
B3KU95	HOXA2	cDNA FLJ39423 fis, clone PROST1000322, highly similar to HOMEOBOX PROTEIN HOX-A2	248	814ef3064e418d389e24c0fdee0c797c47cf845af5ed5e74c98d93e535b47b84	UNCERTAIN	PF00046:Homeodomain	144	200	24	42.11	33.33	134-157	O43364	O43364	O43364	/data/sbi/interchange/boliva/patricia/models/TFS_O43364:144:205_1ahd_P_1.pdb	NOT_VALIDATED	NO	NO_VALID_DBD_FRAGMENT	UNCERTAIN_MANUAL_REVIEW	MANUAL_REVIEW_BEFORE_SENDING		Manual review unresolved.	Available evidence does not meet an approved automatic present/absent rule. PWM/database inclusion is not changed by this structural recommendation.	Coverage/identity does not satisfy a conservative automatic rule.			FINAL_ADJUDICATION_DRAFT_NOT_PUBLIC
B4DHE0	STAT2	cDNA FLJ56695, highly similar to Signal transducer and activator of transcription 2 (cDNA, FLJ79415, highly similar to Signal transducer and activator of transcription 2)	203	e9a803a26bd13b4e5e254d4c3350ad4cf2165add1abb8c1392dc6eb68072a09d	NO_DBD				0	0.00	0.00		P52630	P52630	P52630	/data/sbi/interchange/boliva/patricia/models/TFS_P52630:141:678_1bf5_A_1.pdb	PASS_NONEMPTY_PROTEIN_DNA_INTERFACE	NO	NON_DBD_CONTACTS_NOT_ACCEPTED	ACCESSION_LACKS_DBD	NO_SEND_CANONICAL_REFERENCE_ONLY		Canonical same-gene reference available from accession P52630; label explicitly as a reference.	Canonical DBD coverage is at most 10%, while at least 40 non-DBD canonical residues align at at least 80% identity. PWM/database inclusion is not changed by this structural recommendation.				FINAL_ADJUDICATION_DRAFT_NOT_PUBLIC
B4DL38	EGR2	cDNA FLJ54816, highly similar to Early growth response protein 2	261	2ed54beb6df2d08f2d30b893f8268420ddc4507bbbd2be9a0983a2d970836efe	INCOMPLETE_DBD	PF00096:Zinc finger, C2H2 type;PF00096:Zinc finger, C2H2 type;PF00096:Zinc finger, C2H2 type	340	420	10	12.35	100.00	248-257	P11161	A0A8I5KYI5	A0A8I5KYI5	/data/sbi/interchange/boliva/patricia/models/TFS_A0A8I5KYI5:350:435_4r2a_A_1.pdb	PASS_NONEMPTY_PROTEIN_DNA_INTERFACE	NO	NO_VALID_DBD_FRAGMENT	ACCESSION_CONTAINS_INCOMPLETE_DBD	NO_SEND_MARK_DNA_STRUCTURE_UNAVAILABLE		Accession contains only an incomplete DBD.	Only part of the expected canonical DBD is present; the accession cannot provide a complete modelable DBD.				FINAL_ADJUDICATION_DRAFT_NOT_PUBLIC
B4DNX4	EGR1	cDNA FLJ56577, highly similar to Early growth response protein 1	200	5054d41395a800d80959968539331f42a603e54221adccf56a88713f76f805e0	NO_DBD	PF00096:Zinc finger, C2H2 type;PF00096:Zinc finger, C2H2 type;PF00096:Zinc finger, C2H2 type	338	418	3	3.70	100.00	142-144	P18146	P18146	P18146	/data/sbi/interchange/boliva/patricia/models/TFS_P18146:335:421_4r2d_A_1.pdb	NOT_VALIDATED	NO	NO_VALID_DBD_FRAGMENT	ACCESSION_LACKS_DBD	NO_SEND_MARK_DNA_STRUCTURE_UNAVAILABLE		Canonical same-gene reference available from accession P18146; label explicitly as a reference.	DBD coverage is at most 10%; at least 40 non-DBD residues align at at least 80% identity.				FINAL_ADJUDICATION_DRAFT_NOT_PUBLIC
B4DTN3	HINFP	cDNA FLJ58424, highly similar to MBD2-interacting zinc finger protein	143	b9c0f113ebca7008176096521b2c4e26ff860489f5ffe832298d0c299c96ae61	NO_DBD	PF13894:C2H2-type zinc finger;PF00096:Zinc finger, C2H2 type;PF00096:Zinc finger, C2H2 type	229	368	8	5.71	100.00	135-142	Q9BQA5				NOT_VALIDATED	NO	NO_VALID_DBD_FRAGMENT	ACCESSION_LACKS_DBD	NO_SEND_MARK_DNA_STRUCTURE_UNAVAILABLE		Canonical same-gene reference available from accession Q9BQA5; label explicitly as a reference.	Local TF search resolves the gene and canonical alignment supports loss of the DBD.			"[{""accession"":""Q9BQA5"",""aligned_residues"":143,""gene"":""HINFP"",""identity_percent"":99.3,""query_coverage_percent"":100.0,""sequence_length"":517},{""accession"":""Q15911"",""aligned_residues"":143,""gene"":""ZFHX3"",""identity_percent"":97.2,""query_coverage_percent"":100.0,""sequence_length"":3703},{""accession"":""Q9C0A1"",""aligned_residues"":143,""gene"":""ZFHX2"",""identity_percent"":95.1,""query_coverage_percent"":100.0,""sequence_length"":2572},{""accession"":""A0A2P1H683"",""aligned_residues"":143,""gene"":""ZFHX2"",""identity_percent"":95.1,""query_coverage_percent"":100.0,""sequence_length"":2572},{""accession"":""B9EK48"",""aligned_residues"":143,""gene"":""ZFHX2"",""identity_percent"":81.12,""query_coverage_percent"":100.0,""sequence_length"":1427}]"	FINAL_ADJUDICATION_DRAFT_NOT_PUBLIC
B4DVG0	EGR1	cDNA FLJ60905, highly similar to Early growth response protein 1	232	bb049ead0c249d803fe18b5ca7c615774ee98c3434d0879d76a24c573091cae6	NO_DBD				0	0.00	0.00		P18146	P18146	P18146	/data/sbi/interchange/boliva/patricia/models/TFS_P18146:335:421_4r2d_A_1.pdb	NOT_VALIDATED	NO	NO_VALID_DBD_FRAGMENT	ACCESSION_LACKS_DBD	NO_SEND_MARK_DNA_STRUCTURE_UNAVAILABLE		Canonical same-gene reference available from accession P18146; label explicitly as a reference.	Canonical DBD coverage is at most 10%, while at least 40 non-DBD canonical residues align at at least 80% identity. PWM/database inclusion is not changed by this structural recommendation.				FINAL_ADJUDICATION_DRAFT_NOT_PUBLIC
B4DW78	ETS1	cDNA FLJ59231, highly similar to C-ets-1 protein	300	85024f991bb486ef68d1efccbb6e54c5ff5da068edf2170e3391ddad4ce9043a	NO_DBD				0	0.00	0.00		P14921	P14921	P14921	/data/sbi/interchange/boliva/patricia/models/TFS_P14921:302:439_3mfk_A_1.pdb	NOT_VALIDATED	NO	NO_VALID_DBD_FRAGMENT	ACCESSION_LACKS_DBD	NO_SEND_MARK_DNA_STRUCTURE_UNAVAILABLE		Canonical same-gene reference available from accession P14921; label explicitly as a reference.	Canonical DBD coverage is at most 10%, while at least 40 non-DBD canonical residues align at at least 80% identity. PWM/database inclusion is not changed by this structural recommendation.				FINAL_ADJUDICATION_DRAFT_NOT_PUBLIC
B4E1B1	IRF7 hCG_18132	Interferon regulatory factor 7, isoform CRA_c (cDNA FLJ61529, highly similar to Interferon regulatory factor 7)	210	b95e0983bcd0da80a8b92ee06fcafeb11adfc406730484806004c79b5215b37f	NO_DBD				0	0.00	0.00		Q92985	Q92985	Q92985	/data/sbi/interchange/boliva/patricia/models/TFS_Q92985:17:122_1t2k_A_1.pdb	PASS_NONEMPTY_PROTEIN_DNA_INTERFACE	NO	NON_DBD_CONTACTS_NOT_ACCEPTED	ACCESSION_LACKS_DBD	NO_SEND_CANONICAL_REFERENCE_ONLY		Canonical same-gene reference available from accession Q92985; label explicitly as a reference.	Canonical DBD coverage is at most 10%, while at least 40 non-DBD canonical residues align at at least 80% identity. PWM/database inclusion is not changed by this structural recommendation.				FINAL_ADJUDICATION_DRAFT_NOT_PUBLIC
B4E2G3	CREB3L4	cDNA FLJ58974, highly similar to Homo sapiens cAMP responsive element binding protein 3-like 4 (CREB3L4), mRNA	202	d892178318ee5ab1568ddd05198b7422db64155532509f290bb37692482b1761	UNCERTAIN	PF00170:bZIP transcription factor	215	273	8	13.56	75.00	150-157	Q8TEY5	Q8TEY5	Q8TEY5	/data/sbi/interchange/boliva/patricia/models/TFS_Q8TEY5:218:259_1t2k_C_1.pdb	PASS_NONEMPTY_PROTEIN_DNA_INTERFACE	NO	NO_VALID_DBD_FRAGMENT	UNCERTAIN_MANUAL_REVIEW	MANUAL_REVIEW_BEFORE_SENDING		Manual review unresolved.	Available evidence does not meet an approved automatic present/absent rule. PWM/database inclusion is not changed by this structural recommendation.	Coverage/identity does not satisfy a conservative automatic rule.			FINAL_ADJUDICATION_DRAFT_NOT_PUBLIC
B4E2U7	HIF1A	Hypoxia-inducible factor 1-alpha	577	a2ff18c31e35865a2c56a2e65b84dc76c3b63181f95f320d91fd1093355f5651	NO_DBD				0	0.00	0.00		Q16665	Q16665	Q16665	/data/sbi/interchange/boliva/patricia/models/TFS_Q16665:11:358_4zpk_B_1.pdb	NOT_VALIDATED	NO	NO_VALID_DBD_FRAGMENT	ACCESSION_LACKS_DBD	NO_SEND_MARK_DNA_STRUCTURE_UNAVAILABLE		Canonical same-gene reference available from accession Q16665; label explicitly as a reference.	Canonical DBD coverage is at most 10%, while at least 40 non-DBD canonical residues align at at least 80% identity. PWM/database inclusion is not changed by this structural recommendation.				FINAL_ADJUDICATION_DRAFT_NOT_PUBLIC
B4E374	ESR1	cDNA FLJ51617, highly similar to Estrogen receptor	170	4b1180ee61504544a6f2494846a0331d77c007b3f0b190d6cb73a1999ec6f570	NO_DBD				0	0.00	0.00		P03372	P03372	P03372	/data/sbi/interchange/boliva/patricia/models/TFS_P03372:183:263_1lo1_A_1.pdb	NOT_VALIDATED	NO	NO_VALID_DBD_FRAGMENT	ACCESSION_LACKS_DBD	NO_SEND_MARK_DNA_STRUCTURE_UNAVAILABLE		Canonical same-gene reference available from accession P03372; label explicitly as a reference.	Canonical DBD coverage is at most 10%, while at least 40 non-DBD canonical residues align at at least 80% identity. PWM/database inclusion is not changed by this structural recommendation.				FINAL_ADJUDICATION_DRAFT_NOT_PUBLIC
B5MCD3	HOXD12	Homeobox D12	246	c6fd7e539d2cc29d19348fdc513a26d5a8e93572d0d8aa717d7118cdf407f97d	UNCERTAIN	PF00046:Homeodomain	203	259	38	66.67	39.47	203-243	P35452	P35452	P35452	/data/sbi/interchange/boliva/patricia/models/TFS_P35452:203:259_5zjr_A_1.pdb	PASS_NONEMPTY_PROTEIN_DNA_INTERFACE	NO	NO_VALID_DBD_FRAGMENT	UNCERTAIN_MANUAL_REVIEW	MANUAL_REVIEW_BEFORE_SENDING		Manual review unresolved.	Available evidence does not meet an approved automatic present/absent rule. PWM/database inclusion is not changed by this structural recommendation.	Coverage/identity does not satisfy a conservative automatic rule.			FINAL_ADJUDICATION_DRAFT_NOT_PUBLIC
B7Z5Z3	SOX5	cDNA FLJ55780, highly similar to Transcription factor SOX-5	509	2c0db2aa68e8f9ef91eead83455678de7b14af41eb0ccf62e70e6df46e73e3cc	NO_DBD				0	0.00	0.00		P35711	P35711	P35711	/data/sbi/interchange/boliva/patricia/models/TFS_P35711:553:634_1j46_A_1.pdb	PASS_NONEMPTY_PROTEIN_DNA_INTERFACE	NO	NO_VALID_DBD_FRAGMENT	ACCESSION_LACKS_DBD	NO_SEND_CANONICAL_REFERENCE_ONLY		Canonical same-gene reference available from accession P35711; label explicitly as a reference.	Canonical DBD coverage is at most 10%, while at least 40 non-DBD canonical residues align at at least 80% identity. PWM/database inclusion is not changed by this structural recommendation.				FINAL_ADJUDICATION_DRAFT_NOT_PUBLIC
B7Z8F5	RFX2	cDNA FLJ53376, highly similar to DNA-binding protein RFX2	510	36bf845587c92853ec482a54eea853a0f345c0a23361566291cb229947094d76	INCOMPLETE_DBD	PF02257:RFX DNA-binding domain	199	273	15	20.00	93.33	46-60	P48378	P48378			NOT_VALIDATED	NO	NO_VALID_DBD_FRAGMENT	ACCESSION_CONTAINS_INCOMPLETE_DBD	NO_SEND_MARK_DNA_STRUCTURE_UNAVAILABLE		Accession contains only an incomplete DBD.	Only part of the expected canonical DBD is present; the accession cannot provide a complete modelable DBD.				FINAL_ADJUDICATION_DRAFT_NOT_PUBLIC
C9J5U3	HBP1	HMG-box transcription factor 1	111	95e8f8d1fc1a014bb5927f2e45823d68c82f4dd1ac5cdfa9d69afe5bc8c9ff10	NO_DBD				0	0.00	0.00		H7C4S2	H7C4S2	H7C4S2	/data/sbi/interchange/boliva/patricia/models/TFS_H7C4S2:423:450_2gzk_A_1.pdb	PASS_NONEMPTY_PROTEIN_DNA_INTERFACE	NO	NO_VALID_DBD_FRAGMENT	ACCESSION_LACKS_DBD	NO_SEND_CANONICAL_REFERENCE_ONLY		Canonical same-gene reference available from accession H7C4S2; label explicitly as a reference.	Canonical DBD coverage is at most 10%, while at least 40 non-DBD canonical residues align at at least 80% identity. PWM/database inclusion is not changed by this structural recommendation.				FINAL_ADJUDICATION_DRAFT_NOT_PUBLIC
C9J682	ZFX	Zinc finger protein X-linked	135	19839c284b37240c1c9d2ff9902a448f2acd28a33ba428c333242d5eab519b4f	NO_DBD				0	0.00	0.00		B7ZKJ5	B7ZKJ5	B7ZKJ5	/data/sbi/interchange/boliva/patricia/models/TFS_B7ZKJ5:553:837_5wjq_D_1.pdb	PASS_NONEMPTY_PROTEIN_DNA_INTERFACE	NO	NO_VALID_DBD_FRAGMENT	ACCESSION_LACKS_DBD	NO_SEND_CANONICAL_REFERENCE_ONLY		Canonical same-gene reference available from accession B7ZKJ5; label explicitly as a reference.	Canonical DBD coverage is at most 10%, while at least 40 non-DBD canonical residues align at at least 80% identity. PWM/database inclusion is not changed by this structural recommendation.				FINAL_ADJUDICATION_DRAFT_NOT_PUBLIC
C9J845	MITF	Melanocyte inducing transcription factor	157	1e8f197339a8a539806e982fc78ba4ed0f1bd046bd43a248bf47a4d5139e6422	NO_DBD				0	0.00	0.00		O75030	O75030	O75030	/data/sbi/interchange/boliva/patricia/models/TFS_O75030:308:363_4h10_B_1.pdb	PASS_NONEMPTY_PROTEIN_DNA_INTERFACE	NO	NO_VALID_DBD_FRAGMENT	ACCESSION_LACKS_DBD	NO_SEND_CANONICAL_REFERENCE_ONLY		Canonical same-gene reference available from accession O75030; label explicitly as a reference.	Canonical DBD coverage is at most 10%, while at least 40 non-DBD canonical residues align at at least 80% identity. PWM/database inclusion is not changed by this structural recommendation.				FINAL_ADJUDICATION_DRAFT_NOT_PUBLIC
C9J8V6	HBP1	HMG-box transcription factor 1	108	9659e787a5b2e9c829d069f8d149319cbbab845477d7aed9deceb1f7fe41e60d	NO_DBD				0	0.00	0.00		H7C4S2	H7C4S2	H7C4S2	/data/sbi/interchange/boliva/patricia/models/TFS_H7C4S2:423:450_2gzk_A_1.pdb	PASS_NONEMPTY_PROTEIN_DNA_INTERFACE	NO	NO_VALID_DBD_FRAGMENT	ACCESSION_LACKS_DBD	NO_SEND_CANONICAL_REFERENCE_ONLY		Canonical same-gene reference available from accession H7C4S2; label explicitly as a reference.	Canonical DBD coverage is at most 10%, while at least 40 non-DBD canonical residues align at at least 80% identity. PWM/database inclusion is not changed by this structural recommendation.				FINAL_ADJUDICATION_DRAFT_NOT_PUBLIC
C9JAW1	HBP1	HMG-box transcription factor 1	70	a305542df9a03eefdda2b6dab945daf3dc37dc94f6f525665caddf54490a3873	NO_DBD				0	0.00	0.00		H7C4S2	H7C4S2	H7C4S2	/data/sbi/interchange/boliva/patricia/models/TFS_H7C4S2:423:450_2gzk_A_1.pdb	PASS_NONEMPTY_PROTEIN_DNA_INTERFACE	NO	NO_VALID_DBD_FRAGMENT	ACCESSION_LACKS_DBD	NO_SEND_CANONICAL_REFERENCE_ONLY		Canonical same-gene reference available from accession H7C4S2; label explicitly as a reference.	Canonical DBD coverage is at most 10%, while at least 40 non-DBD canonical residues align at at least 80% identity. PWM/database inclusion is not changed by this structural recommendation.				FINAL_ADJUDICATION_DRAFT_NOT_PUBLIC
C9JPH0	CREB3L2	cAMP responsive element binding protein 3 like 2	185	dd9c3a8760667e05a4ff8cff5ab1b8d84cf8ac0aa51d8f8fc9600dd2de53f94d	UNCERTAIN	PF00170:bZIP transcription factor	292	354	14	22.22	71.43	140-153	Q70SY1	Q70SY1	Q70SY1	/data/sbi/interchange/boliva/patricia/models/TFS_Q70SY1:295:354_1t2k_C_1.pdb	PASS_NONEMPTY_PROTEIN_DNA_INTERFACE	NO	NO_VALID_DBD_FRAGMENT	UNCERTAIN_MANUAL_REVIEW	MANUAL_REVIEW_BEFORE_SENDING		Manual review unresolved.	Available evidence does not meet an approved automatic present/absent rule. PWM/database inclusion is not changed by this structural recommendation.	Coverage/identity does not satisfy a conservative automatic rule.			FINAL_ADJUDICATION_DRAFT_NOT_PUBLIC
C9JQU7	HBP1	HMG-box transcription factor 1	124	59d04907f7f075c891b801d14f29e07f105c875d4926f1c1e9f1d47bf213c642	NO_DBD				0	0.00	0.00		H7C4S2	H7C4S2	H7C4S2	/data/sbi/interchange/boliva/patricia/models/TFS_H7C4S2:423:450_2gzk_A_1.pdb	PASS_NONEMPTY_PROTEIN_DNA_INTERFACE	NO	NO_VALID_DBD_FRAGMENT	ACCESSION_LACKS_DBD	NO_SEND_CANONICAL_REFERENCE_ONLY		Canonical same-gene reference available from accession H7C4S2; label explicitly as a reference.	Canonical DBD coverage is at most 10%, while at least 40 non-DBD canonical residues align at at least 80% identity. PWM/database inclusion is not changed by this structural recommendation.				FINAL_ADJUDICATION_DRAFT_NOT_PUBLIC
D1LUZ8	C20orf112/RUNX1 fusion	C20orf112/RUNX1 fusion protein	170	9fee1d52525405b031a72ac70f04611ca2feebe65f52c6a9206267b4c093ff9b	INCOMPLETE_DBD	PF00853:Runt domain			12	9.38	91.67	9-20	Q01196				NOT_VALIDATED	NO	NO_VALID_DBD_FRAGMENT	ACCESSION_CONTAINS_INCOMPLETE_DBD	NO_SEND_MARK_DNA_STRUCTURE_UNAVAILABLE		Accession contains only an incomplete DBD.	Fusion retains only part of a parent DBD; no complete sendable DBD is demonstrated.	Fusion breakpoint and both parent contributions remain explicitly recorded.	"[{""DBD_aligned_residues"":0,""DBD_coverage_percent"":0.0,""DBD_end"":"""",""DBD_identity_percent"":0.0,""DBD_start"":"""",""complete_DBD"":false,""expected_DBD_type"":"""",""failed_coordinates"":"""",""matched_parent_span"":"""",""parent_accession"":""Q96MY1"",""parent_gene"":""NOL4L/C20orf112"",""parent_sequence_length"":436,""partial_DBD"":false,""relationship"":""NO_CANONICAL_DBD_COORDINATES""},{""DBD_aligned_residues"":12,""DBD_coverage_percent"":9.38,""DBD_end"":179,""DBD_identity_percent"":91.67,""DBD_start"":52,""complete_DBD"":false,""expected_DBD_type"":""PF00853:Runt domain"",""failed_coordinates"":""9-20"",""matched_parent_span"":""18-453"",""parent_accession"":""Q01196"",""parent_gene"":""RUNX1"",""parent_sequence_length"":453,""partial_DBD"":true,""relationship"":""LACKS_DBD_UNRESOLVED_TOPOLOGY""}]"		FINAL_ADJUDICATION_DRAFT_NOT_PUBLIC
D2KFR9	STAT1	Truncated signal transducer and activator of transcription 1	193	78b58e1284af879b544bf35e8a972819825437775e8aedbd89fbb01e437bc389	NO_DBD				0	0.00	0.00		A0A669KB52	A0A669KB52	A0A669KB52	/data/sbi/interchange/boliva/patricia/models/TFS_A0A669KB52:136:624_1bf5_A_1.pdb	PASS_NONEMPTY_PROTEIN_DNA_INTERFACE	NO	NON_DBD_CONTACTS_NOT_ACCEPTED	ACCESSION_LACKS_DBD	NO_SEND_CANONICAL_REFERENCE_ONLY		Canonical same-gene reference available from accession A0A669KB52; label explicitly as a reference.	Canonical DBD coverage is at most 10%, while at least 40 non-DBD canonical residues align at at least 80% identity. PWM/database inclusion is not changed by this structural recommendation.				FINAL_ADJUDICATION_DRAFT_NOT_PUBLIC
D6RAB1	LEF1	Lymphoid enhancer binding factor 1	173	30d0c88d433fb9eceef773e2a201ae4d6cc1fbd5ea251d7654a1d0080b808acf	NO_DBD				0	0.00	0.00		Q9UJU2	Q9UJU2	Q9UJU2	/data/sbi/interchange/boliva/patricia/models/TFS_Q9UJU2:297:366_4s2q_D_1.pdb	PASS_NONEMPTY_PROTEIN_DNA_INTERFACE	NO	NO_VALID_DBD_FRAGMENT	ACCESSION_LACKS_DBD	NO_SEND_CANONICAL_REFERENCE_ONLY		Canonical same-gene reference available from accession Q9UJU2; label explicitly as a reference.	Canonical DBD coverage is at most 10%, while at least 40 non-DBD canonical residues align at at least 80% identity. PWM/database inclusion is not changed by this structural recommendation.				FINAL_ADJUDICATION_DRAFT_NOT_PUBLIC
D6RID7	LEF1	Lymphoid enhancer binding factor 1	133	3c6b5d9b391a45968f93520ab8e9b8fe0a2f5afbfc4c021e504825f28167449c	UNCERTAIN	PF00505:HMG (high mobility group) box	299	367	12	17.39	75.00	98-109	Q9UJU2	Q9UJU2	Q9UJU2	/data/sbi/interchange/boliva/patricia/models/TFS_Q9UJU2:297:366_4s2q_D_1.pdb	PASS_NONEMPTY_PROTEIN_DNA_INTERFACE	NO	NO_VALID_DBD_FRAGMENT	UNCERTAIN_MANUAL_REVIEW	MANUAL_REVIEW_BEFORE_SENDING		Manual review unresolved.	Available evidence does not meet an approved automatic present/absent rule. PWM/database inclusion is not changed by this structural recommendation.	Coverage/identity does not satisfy a conservative automatic rule.			FINAL_ADJUDICATION_DRAFT_NOT_PUBLIC
D6RIV1	LEF1	Lymphoid enhancer binding factor 1	145	b07cff1f89f2f0e375e8acf4f6782e5e08487760b851a49fe1a006ac6532c22c	NO_DBD				0	0.00	0.00		Q9UJU2	Q9UJU2	Q9UJU2	/data/sbi/interchange/boliva/patricia/models/TFS_Q9UJU2:297:366_4s2q_D_1.pdb	PASS_NONEMPTY_PROTEIN_DNA_INTERFACE	NO	NO_VALID_DBD_FRAGMENT	ACCESSION_LACKS_DBD	NO_SEND_CANONICAL_REFERENCE_ONLY		Canonical same-gene reference available from accession Q9UJU2; label explicitly as a reference.	Canonical DBD coverage is at most 10%, while at least 40 non-DBD canonical residues align at at least 80% identity. PWM/database inclusion is not changed by this structural recommendation.				FINAL_ADJUDICATION_DRAFT_NOT_PUBLIC
E0ZS57	TEF	Thyrotrophic embryonic factor	114	fb184304b68ec50953e3e1fe8a4f34e7bba420c303157e72ca6f75bc0648359f	NO_DBD				0	0.00	0.00		Q10587	Q10587	Q10587	/data/sbi/interchange/boliva/patricia/models/TFS_Q10587:230:292_1gtw_B_1.pdb	PASS_NONEMPTY_PROTEIN_DNA_INTERFACE	NO	NO_VALID_DBD_FRAGMENT	ACCESSION_LACKS_DBD	NO_SEND_CANONICAL_REFERENCE_ONLY		Canonical same-gene reference available from accession Q10587; label explicitly as a reference.	Canonical DBD coverage is at most 10%, while at least 40 non-DBD canonical residues align at at least 80% identity. PWM/database inclusion is not changed by this structural recommendation.				FINAL_ADJUDICATION_DRAFT_NOT_PUBLIC
E5RG75	TCF7	Transcription factor 7	147	541f26cfd917a61687f7ee035e0d1bc3a20d0871842bf01fd3a7e6f39b50c252	NO_DBD				0	0.00	0.00		E5RHL1	E5RHL1	E5RHL1	/data/sbi/interchange/boliva/patricia/models/TFS_E5RHL1:127:139_4euw_A_1.pdb	PASS_NONEMPTY_PROTEIN_DNA_INTERFACE	NO	NO_VALID_DBD_FRAGMENT	ACCESSION_LACKS_DBD	NO_SEND_CANONICAL_REFERENCE_ONLY		Canonical same-gene reference available from accession E5RHL1; label explicitly as a reference.	Canonical DBD coverage is at most 10%, while at least 40 non-DBD canonical residues align at at least 80% identity. PWM/database inclusion is not changed by this structural recommendation.				FINAL_ADJUDICATION_DRAFT_NOT_PUBLIC
E5RJ51	TCF7	Transcription factor 7	122	ac3cc2ca408e78f3bee80ebc0bc907e1a1d5624bfdef28b4a15c638d5b1ba165	NO_DBD				0	0.00	0.00		E5RHL1	E5RHL1	E5RHL1	/data/sbi/interchange/boliva/patricia/models/TFS_E5RHL1:127:139_4euw_A_1.pdb	PASS_NONEMPTY_PROTEIN_DNA_INTERFACE	NO	NO_VALID_DBD_FRAGMENT	ACCESSION_LACKS_DBD	NO_SEND_CANONICAL_REFERENCE_ONLY		Canonical same-gene reference available from accession E5RHL1; label explicitly as a reference.	Canonical DBD coverage is at most 10%, while at least 40 non-DBD canonical residues align at at least 80% identity. PWM/database inclusion is not changed by this structural recommendation.				FINAL_ADJUDICATION_DRAFT_NOT_PUBLIC
E7EU07	PPARG	Peroxisome proliferator-activated receptor gamma (PPAR-gamma) (Nuclear receptor subfamily 1 group C member 3)	97	a433fac3b75f1d3b0f37010dc52b0f9d7107aefd58885d06a89720ca6b0a7fc2	NO_DBD				0	0.00	0.00		Q4W4C7	Q4W4C7	Q4W4C7	/data/sbi/interchange/boliva/patricia/models/TFS_Q4W4C7:121:201_1a6y_B_1.pdb	PASS_NONEMPTY_PROTEIN_DNA_INTERFACE	NO	NO_VALID_DBD_FRAGMENT	ACCESSION_LACKS_DBD	NO_SEND_CANONICAL_REFERENCE_ONLY		Canonical same-gene reference available from accession Q4W4C7; label explicitly as a reference.	Canonical DBD coverage is at most 10%, while at least 40 non-DBD canonical residues align at at least 80% identity. PWM/database inclusion is not changed by this structural recommendation.				FINAL_ADJUDICATION_DRAFT_NOT_PUBLIC
E9PKB7	TEAD1	TEA domain transcription factor 1	330	c887fd4935d15664706a1d3279a66a36d37deb4d9bf4bf3e01ed9eb74eee384c	UNCERTAIN	PF01285:TEA/ATTS domain	32	98	9	13.43	55.56	3-11	P28347	H0YE88	H0YE88	/data/sbi/interchange/boliva/patricia/models/TFS_H0YE88:31:104_5nnx_A_1.pdb	PASS_NONEMPTY_PROTEIN_DNA_INTERFACE	NO	NON_DBD_CONTACTS_NOT_ACCEPTED	UNCERTAIN_MANUAL_REVIEW	MANUAL_REVIEW_BEFORE_SENDING		Manual review unresolved.	Available evidence does not meet an approved automatic present/absent rule. PWM/database inclusion is not changed by this structural recommendation.	Coverage/identity does not satisfy a conservative automatic rule.			FINAL_ADJUDICATION_DRAFT_NOT_PUBLIC
E9PL67	HINFP	Histone H4 transcription factor	100	3d90ddc60cc60a8aabd93ae831c7e07ff115bfa7c2e3bb7651577aebe4a8f6bb	NO_DBD				0	0.00	0.00		Q9BQA5	Q9BQA5	Q9BQA5	/data/sbi/interchange/boliva/patricia/models/TFS_Q9BQA5:174:365_5wjq_D_1.pdb	PASS_NONEMPTY_PROTEIN_DNA_INTERFACE	NO	NO_VALID_DBD_FRAGMENT	ACCESSION_LACKS_DBD	NO_SEND_CANONICAL_REFERENCE_ONLY		Canonical same-gene reference available from accession Q9BQA5; label explicitly as a reference.	Canonical DBD coverage is at most 10%, while at least 40 non-DBD canonical residues align at at least 80% identity. PWM/database inclusion is not changed by this structural recommendation.				FINAL_ADJUDICATION_DRAFT_NOT_PUBLIC
E9PN75	EHF	ETS homologous factor	166	57fc9be69ce1577e494d0c4d74397314f88fe8195d40d7e7c86b003c9219bba6	NO_DBD				0	0.00	0.00		Q9NZC4	Q9NZC4	Q9NZC4	/data/sbi/interchange/boliva/patricia/models/TFS_Q9NZC4:206:299_3jtg_A_1.pdb	PASS_NONEMPTY_PROTEIN_DNA_INTERFACE	NO	NO_VALID_DBD_FRAGMENT	ACCESSION_LACKS_DBD	NO_SEND_CANONICAL_REFERENCE_ONLY		Canonical same-gene reference available from accession Q9NZC4; label explicitly as a reference.	Canonical DBD coverage is at most 10%, while at least 40 non-DBD canonical residues align at at least 80% identity. PWM/database inclusion is not changed by this structural recommendation.				FINAL_ADJUDICATION_DRAFT_NOT_PUBLIC
E9PPS9	EHF	ETS homologous factor	126	c58efdd340c37f63fcb61adafd17e679bb972d3b246aefeb35cf408891e622c5	NO_DBD				0	0.00	0.00		Q9NZC4	Q9NZC4	Q9NZC4	/data/sbi/interchange/boliva/patricia/models/TFS_Q9NZC4:206:299_3jtg_A_1.pdb	PASS_NONEMPTY_PROTEIN_DNA_INTERFACE	NO	NO_VALID_DBD_FRAGMENT	ACCESSION_LACKS_DBD	NO_SEND_CANONICAL_REFERENCE_ONLY		Canonical same-gene reference available from accession Q9NZC4; label explicitly as a reference.	Canonical DBD coverage is at most 10%, while at least 40 non-DBD canonical residues align at at least 80% identity. PWM/database inclusion is not changed by this structural recommendation.				FINAL_ADJUDICATION_DRAFT_NOT_PUBLIC
E9PQA2	USF1	Upstream transcription factor 1	105	135f203510d613d63abdfefd5eadab84e3fcc009f63dc5b1c5e571245acf0e07	NO_DBD	PF00010:Helix-loop-helix DNA-binding domain	200	255	1	1.79	100.00	105-105	P22415	H0YD59	H0YD59	/data/sbi/interchange/boliva/patricia/models/TFS_H0YD59:63:102_4h10_A_1.pdb	PASS_NONEMPTY_PROTEIN_DNA_INTERFACE	NO	NO_VALID_DBD_FRAGMENT	ACCESSION_LACKS_DBD	NO_SEND_CANONICAL_REFERENCE_ONLY		Canonical same-gene reference available from accession P22415; label explicitly as a reference.	DBD coverage is at most 10%; at least 40 non-DBD residues align at at least 80% identity.				FINAL_ADJUDICATION_DRAFT_NOT_PUBLIC
E9PQR6	EHF	ETS homologous factor	173	616cf02ff157a32bdf0ead204fdfdfba4cdb4e23eb76e0929ae5770fbc7e23eb	NO_DBD				0	0.00	0.00		Q9NZC4	Q9NZC4	Q9NZC4	/data/sbi/interchange/boliva/patricia/models/TFS_Q9NZC4:206:299_3jtg_A_1.pdb	PASS_NONEMPTY_PROTEIN_DNA_INTERFACE	NO	NO_VALID_DBD_FRAGMENT	ACCESSION_LACKS_DBD	NO_SEND_CANONICAL_REFERENCE_ONLY		Canonical same-gene reference available from accession Q9NZC4; label explicitly as a reference.	Canonical DBD coverage is at most 10%, while at least 40 non-DBD canonical residues align at at least 80% identity. PWM/database inclusion is not changed by this structural recommendation.				FINAL_ADJUDICATION_DRAFT_NOT_PUBLIC
E9PQX0	EHF	ETS homologous factor	158	f3e508997bddcd268ab1537767d0f2ef8fd968459632fb3ab41007f6bdf79d9a	NO_DBD				0	0.00	0.00		Q9NZC4	Q9NZC4	Q9NZC4	/data/sbi/interchange/boliva/patricia/models/TFS_Q9NZC4:206:299_3jtg_A_1.pdb	PASS_NONEMPTY_PROTEIN_DNA_INTERFACE	NO	NO_VALID_DBD_FRAGMENT	ACCESSION_LACKS_DBD	NO_SEND_CANONICAL_REFERENCE_ONLY		Canonical same-gene reference available from accession Q9NZC4; label explicitly as a reference.	Canonical DBD coverage is at most 10%, while at least 40 non-DBD canonical residues align at at least 80% identity. PWM/database inclusion is not changed by this structural recommendation.				FINAL_ADJUDICATION_DRAFT_NOT_PUBLIC
F5GWL1	SOX5	SRY-box transcription factor 5	144	87b5a822789249580033d2f5dc4b3bfca3cb5cef68d97f029c58b4e8dfd72e77	NO_DBD				0	0.00	0.00		P35711	P35711	P35711	/data/sbi/interchange/boliva/patricia/models/TFS_P35711:553:634_1j46_A_1.pdb	PASS_NONEMPTY_PROTEIN_DNA_INTERFACE	NO	NO_VALID_DBD_FRAGMENT	ACCESSION_LACKS_DBD	NO_SEND_CANONICAL_REFERENCE_ONLY		Canonical same-gene reference available from accession P35711; label explicitly as a reference.	Canonical DBD coverage is at most 10%, while at least 40 non-DBD canonical residues align at at least 80% identity. PWM/database inclusion is not changed by this structural recommendation.				FINAL_ADJUDICATION_DRAFT_NOT_PUBLIC
F6X9D6	RFX5	Regulatory factor X5	123	85c9b43d8fff47e624077fa63177842f8f71332fdd7e85f841c26522c1de5222	INCOMPLETE_DBD	PF02257:RFX DNA-binding domain	91	167	30	38.96	100.00	91-120	P48382				NOT_VALIDATED	NO	NO_VALID_DBD_FRAGMENT	ACCESSION_CONTAINS_INCOMPLETE_DBD	NO_SEND_MARK_DNA_STRUCTURE_UNAVAILABLE		Accession contains only an incomplete DBD.	Only part of the expected canonical DBD is present; the accession cannot provide a complete modelable DBD.				FINAL_ADJUDICATION_DRAFT_NOT_PUBLIC
G3V0H1	SOX5	SRY-box transcription factor 5	128	c11eff9c663bd566fd83ae6db06d7fc22245940def6d19ce69c594100a7d7036	UNCERTAIN	PF00505:HMG (high mobility group) box	556	624	7	10.14	100.00	112-118	P35711	P35711	P35711	/data/sbi/interchange/boliva/patricia/models/TFS_P35711:553:634_1j46_A_1.pdb	PASS_NONEMPTY_PROTEIN_DNA_INTERFACE	NO	NO_VALID_DBD_FRAGMENT	UNCERTAIN_MANUAL_REVIEW	MANUAL_REVIEW_BEFORE_SENDING		Manual review unresolved.	Available evidence does not meet an approved automatic present/absent rule. PWM/database inclusion is not changed by this structural recommendation.	Coverage/identity does not satisfy a conservative automatic rule.			FINAL_ADJUDICATION_DRAFT_NOT_PUBLIC
G3V289	FOS	Protein c-Fos (Cellular oncogene fos)	170	7af35744005ed25ccc3c97a8dd73cd9c17cb53c8255d3bd0643854436cd2b818	UNCERTAIN	PF00170:bZIP transcription factor	135	194	7	11.67	57.14	132-138	P01100	P01100	P01100	/data/sbi/interchange/boliva/patricia/models/TFS_P01100:135:193_2e42_B_1.pdb	PASS_NONEMPTY_PROTEIN_DNA_INTERFACE	NO	NO_VALID_DBD_FRAGMENT	UNCERTAIN_MANUAL_REVIEW	MANUAL_REVIEW_BEFORE_SENDING		Manual review unresolved.	Available evidence does not meet an approved automatic present/absent rule. PWM/database inclusion is not changed by this structural recommendation.	Coverage/identity does not satisfy a conservative automatic rule.			FINAL_ADJUDICATION_DRAFT_NOT_PUBLIC
G3V302	MAX	MYC associated factor X	97	e59833a54b616e11a62591ae7bc85270e2bce504bedcf75e1dbc228a4a3164d0	UNCERTAIN	PF00010:Helix-loop-helix DNA-binding domain	24	74	25	49.02	52.00	9-33	P61244	Q8TAX8	Q8TAX8	/data/sbi/interchange/boliva/patricia/models/TFS_Q8TAX8:10:75_1am9_A_1.pdb	PASS_NONEMPTY_PROTEIN_DNA_INTERFACE	NO	NO_VALID_DBD_FRAGMENT	UNCERTAIN_MANUAL_REVIEW	MANUAL_REVIEW_BEFORE_SENDING		Manual review unresolved.	Available evidence does not meet an approved automatic present/absent rule. PWM/database inclusion is not changed by this structural recommendation.	Coverage/identity does not satisfy a conservative automatic rule.			FINAL_ADJUDICATION_DRAFT_NOT_PUBLIC
G3V447	ZBTB1	Zinc finger and BTB domain-containing protein 1	155	ec21bb2d144af2f61c0c3a3e8dccd21c7889223840504348190e6cb0fe13229d	UNCERTAIN				0	0.00	0.00						NOT_VALIDATED	NO	NO_VALID_DBD_FRAGMENT	UNCERTAIN_MANUAL_REVIEW	MANUAL_REVIEW_BEFORE_SENDING		Manual review unresolved.	Available evidence does not meet an approved automatic present/absent rule. PWM/database inclusion is not changed by this structural recommendation.	No reviewed canonical accession with supported DBD coordinates was resolved.			FINAL_ADJUDICATION_DRAFT_NOT_PUBLIC
H0Y797	TEF	TEF transcription factor, PAR bZIP family member	184	e1e5982ed5496761118d26759a3a2a0915cc742debfae2900f9dbc01104c2686	NO_DBD				0	0.00	0.00		Q10587	Q10587	Q10587	/data/sbi/interchange/boliva/patricia/models/TFS_Q10587:230:292_1gtw_B_1.pdb	PASS_NONEMPTY_PROTEIN_DNA_INTERFACE	NO	NO_VALID_DBD_FRAGMENT	ACCESSION_LACKS_DBD	NO_SEND_CANONICAL_REFERENCE_ONLY		Canonical same-gene reference available from accession Q10587; label explicitly as a reference.	Canonical DBD coverage is at most 10%, while at least 40 non-DBD canonical residues align at at least 80% identity. PWM/database inclusion is not changed by this structural recommendation.				FINAL_ADJUDICATION_DRAFT_NOT_PUBLIC
H0Y7E5	SREBF2	Sterol regulatory element binding transcription factor 2	257	9bedf3e640b606a7368c91f2c91c265507b61deb76c3554603089251204a8b8a	UNCERTAIN	PF00010:Helix-loop-helix DNA-binding domain	331	381	9	17.65	66.67	65-73	Q12772	Q12772	Q12772	/data/sbi/interchange/boliva/patricia/models/TFS_Q12772:323:398_1hlo_A_1.pdb	PASS_NONEMPTY_PROTEIN_DNA_INTERFACE	NO	NO_VALID_DBD_FRAGMENT	UNCERTAIN_MANUAL_REVIEW	MANUAL_REVIEW_BEFORE_SENDING		Manual review unresolved.	Available evidence does not meet an approved automatic present/absent rule. PWM/database inclusion is not changed by this structural recommendation.	Coverage/identity does not satisfy a conservative automatic rule.			FINAL_ADJUDICATION_DRAFT_NOT_PUBLIC
H0YG25	ETV6	ETS variant transcription factor 6	88	9d9208e433539e9f513723379ff06cfbf9af2b1a590e67c3429ee4aa3f6676ea	NO_DBD				0	0.00	0.00		A0A0S2Z3C9	A0A0S2Z3C9	A0A0S2Z3C9	/data/sbi/interchange/boliva/patricia/models/TFS_A0A0S2Z3C9:339:428_4mhg_A_1.pdb	PASS_NONEMPTY_PROTEIN_DNA_INTERFACE	NO	NON_DBD_CONTACTS_NOT_ACCEPTED	ACCESSION_LACKS_DBD	NO_SEND_CANONICAL_REFERENCE_ONLY		Canonical same-gene reference available from accession A0A0S2Z3C9; label explicitly as a reference.	Canonical DBD coverage is at most 10%, while at least 40 non-DBD canonical residues align at at least 80% identity. PWM/database inclusion is not changed by this structural recommendation.				FINAL_ADJUDICATION_DRAFT_NOT_PUBLIC
H0YGT3	ESRRA	Estrogen related receptor alpha	198	fcacbad5b737df17dd584fcc5ce50e122afaf4299a408bca3fd4d7317ff7350f	NO_DBD	PF00105:Double treble clef zinc finger, C4 type	78	146	0	0.00	0.00		P11474	F5H0E9	F5H0E9	/data/sbi/interchange/boliva/patricia/models/TFS_F5H0E9:1:19_1lo1_A_1.pdb	PASS_NONEMPTY_PROTEIN_DNA_INTERFACE	NO	NO_VALID_DBD_FRAGMENT	ACCESSION_LACKS_DBD	NO_SEND_CANONICAL_REFERENCE_ONLY		Canonical same-gene reference available from accession P11474; label explicitly as a reference.	DBD coverage is at most 10%; at least 40 non-DBD residues align at at least 80% identity.				FINAL_ADJUDICATION_DRAFT_NOT_PUBLIC
H0YNG1	POU2F2	POU domain, class 2, transcription factor 1 (NF-A1) (Octamer-binding protein 1) (Octamer-binding transcription factor 1)	198	2417d610f7b32fa41cb57a012a4fa8879dd6bafe5669016491e427da7bc3888c	UNCERTAIN	PF00157:Pou domain - N-terminal to homeobox domain;PF00046:Homeodomain	199	354	61	39.10	55.74	83-144	P09086	U3KQ96	U3KQ96	/data/sbi/interchange/boliva/patricia/models/TFS_U3KQ96:189:262_1e3o_C_1.pdb	PASS_NONEMPTY_PROTEIN_DNA_INTERFACE	NO	NO_VALID_DBD_FRAGMENT	UNCERTAIN_MANUAL_REVIEW	MANUAL_REVIEW_BEFORE_SENDING		Manual review unresolved.	Available evidence does not meet an approved automatic present/absent rule. PWM/database inclusion is not changed by this structural recommendation.	Coverage/identity does not satisfy a conservative automatic rule.			FINAL_ADJUDICATION_DRAFT_NOT_PUBLIC
H2BNB9	ETV6;INO80D	ETV6/INO80D fusion protein	724	a22f337360bf3fc398159b085c0bd7b9304e25e92a7b1cfec3c1015a6f583c43	UNCERTAIN				0	0.00	0.00						NOT_VALIDATED	NO	NO_VALID_DBD_FRAGMENT	UNCERTAIN_MANUAL_REVIEW	MANUAL_REVIEW_BEFORE_SENDING		Manual review unresolved.	Parent-by-parent alignments do not demonstrate a complete high-confidence DBD.	Fusion structure and breakpoint remain unresolved; no TF-parent DBD is assumed.	"[{""DBD_aligned_residues"":80,""DBD_coverage_percent"":100.0,""DBD_end"":420,""DBD_identity_percent"":43.75,""DBD_start"":341,""complete_DBD"":false,""expected_DBD_type"":""PF00178:Ets-domain"",""failed_coordinates"":""371-539"",""matched_parent_span"":""1-446"",""parent_accession"":""P41212"",""parent_gene"":""ETV6"",""parent_sequence_length"":452,""partial_DBD"":false,""relationship"":""COVERS_DBD_COORDINATE_SPAN_LOW_IDENTITY""},{""DBD_aligned_residues"":0,""DBD_coverage_percent"":0.0,""DBD_end"":"""",""DBD_identity_percent"":0.0,""DBD_start"":"""",""complete_DBD"":false,""expected_DBD_type"":"""",""failed_coordinates"":"""",""matched_parent_span"":"""",""parent_accession"":""Q53TQ3"",""parent_gene"":""INO80D"",""parent_sequence_length"":1027,""partial_DBD"":false,""relationship"":""NO_CANONICAL_DBD_COORDINATES""}]"		FINAL_ADJUDICATION_DRAFT_NOT_PUBLIC
H7C4N4	TFAP2A	Transcription factor AP-2 alpha	81	78f425de8715f0a226605495f7248ece9b822567289068dd4cd0f455ba0394a9	COMPLETE_DBD				0	0.00	0.00						NOT_VALIDATED	YES	SENT_VALID	VALID_DBD_FRAGMENT_MODEL	NO_SEND_USE_EXISTING_DBD_FRAGMENT		Use validated DBD fragment model.	Reviewed expected-DBD Pfam fragment was sent and has a nonempty protein-DNA interface. PWM/database inclusion is not changed by this structural recommendation.				FINAL_ADJUDICATION_DRAFT_NOT_PUBLIC
I3L0A5	SOX5	SRY-box transcription factor 5	509	78f935cbe6db97250ca23fbce709ec58e134f22f76d248a613ca4af45b8df705	NO_DBD				0	0.00	0.00		P35711	P35711	P35711	/data/sbi/interchange/boliva/patricia/models/TFS_P35711:553:634_1j46_A_1.pdb	PASS_NONEMPTY_PROTEIN_DNA_INTERFACE	NO	NO_VALID_DBD_FRAGMENT	ACCESSION_LACKS_DBD	NO_SEND_CANONICAL_REFERENCE_ONLY		Canonical same-gene reference available from accession P35711; label explicitly as a reference.	Canonical DBD coverage is at most 10%, while at least 40 non-DBD canonical residues align at at least 80% identity. PWM/database inclusion is not changed by this structural recommendation.				FINAL_ADJUDICATION_DRAFT_NOT_PUBLIC
K7ELF3	TCF3	Transcription factor 3	151	f70272c4c8a307b352d3fe1dcb9cbd393db44bb38a58cb5f318d5daec87ad9c3	NO_DBD	PF00010:Helix-loop-helix DNA-binding domain	550	603	0	0.00	0.00		P15923	K7ENH8	K7ENH8	/data/sbi/interchange/boliva/patricia/models/TFS_K7ENH8:199:272_2ypb_B_1.pdb	PASS_NONEMPTY_PROTEIN_DNA_INTERFACE	NO	NO_VALID_DBD_FRAGMENT	ACCESSION_LACKS_DBD	NO_SEND_CANONICAL_REFERENCE_ONLY		Canonical same-gene reference available from accession P15923; label explicitly as a reference.	DBD coverage is at most 10%; at least 40 non-DBD residues align at at least 80% identity.				FINAL_ADJUDICATION_DRAFT_NOT_PUBLIC
K7EMD1	SREBF1	Sterol regulatory element binding transcription factor 1	157	ca70802f9d5fb06b268d4e59513f8c319212877390785fb348c7d840dbcec1f5	NO_DBD				0	0.00	0.00		P36956	P36956	P36956	/data/sbi/interchange/boliva/patricia/models/TFS_P36956:316:404_5i50_B_1.pdb	PASS_NONEMPTY_PROTEIN_DNA_INTERFACE	NO	NO_VALID_DBD_FRAGMENT	ACCESSION_LACKS_DBD	NO_SEND_CANONICAL_REFERENCE_ONLY		Canonical same-gene reference available from accession P36956; label explicitly as a reference.	Canonical DBD coverage is at most 10%, while at least 40 non-DBD canonical residues align at at least 80% identity. PWM/database inclusion is not changed by this structural recommendation.				FINAL_ADJUDICATION_DRAFT_NOT_PUBLIC
K7ENI0	TCF3	Transcription factor 3	95	08d55da11982374fa9e3b7b8864a82f3664847bff5e217c0fc040f13baeba56d	NO_DBD	PF00010:Helix-loop-helix DNA-binding domain	550	603	1	1.85	100.00	93-93	P15923	K7ENH8	K7ENH8	/data/sbi/interchange/boliva/patricia/models/TFS_K7ENH8:199:272_2ypb_B_1.pdb	PASS_NONEMPTY_PROTEIN_DNA_INTERFACE	NO	NO_VALID_DBD_FRAGMENT	ACCESSION_LACKS_DBD	NO_SEND_CANONICAL_REFERENCE_ONLY		Canonical same-gene reference available from accession P15923; label explicitly as a reference.	DBD coverage is at most 10%; at least 40 non-DBD residues align at at least 80% identity.				FINAL_ADJUDICATION_DRAFT_NOT_PUBLIC
O14593	RFXANK ANKRA1 RFXB	DNA-binding protein RFXANK (Ankyrin repeat family A protein 1) (Regulatory factor X subunit B) (RFX-B) (Regulatory factor X-associated ankyrin-containing protein)	260	a406c605b2e68f72fecaf4febdc2b23be3bf9fe35d82a0a8187c6d54eaadb05c	NO_DBD				0	0.00	0.00						NOT_VALIDATED	NO	NO_VALID_DBD_FRAGMENT	COFACTOR_OR_NON_DNA_BINDING_COMPONENT	NO_SEND_MARK_DNA_STRUCTURE_UNAVAILABLE		Non-DNA-binding cofactor/component; do not display as a DNA-bound TF structure.	Reviewed domain evidence supports a non-DNA-binding cofactor or complex component, not an accession DBD. PWM/database inclusion is not changed by this structural recommendation.				FINAL_ADJUDICATION_DRAFT_NOT_PUBLIC
O75780	PPARA	Peroxisome proliferator-activated receptor alpha	157	c471b134a55be57a2a12cab5060ee960bd28343c8356faab3d67d5d5ba0edd89	NO_DBD				0	0.00	0.00		Q07869	Q07869	Q07869	/data/sbi/interchange/boliva/patricia/models/TFS_Q07869:100:468_3e00_D_1.pdb	NOT_VALIDATED	NO	NO_VALID_DBD_FRAGMENT	ACCESSION_LACKS_DBD	NO_SEND_MARK_DNA_STRUCTURE_UNAVAILABLE		Canonical same-gene reference available from accession Q07869; label explicitly as a reference.	Canonical DBD coverage is at most 10%, while at least 40 non-DBD canonical residues align at at least 80% identity. PWM/database inclusion is not changed by this structural recommendation.				FINAL_ADJUDICATION_DRAFT_NOT_PUBLIC
Q13951	CBFB	Core-binding factor subunit beta (CBF-beta) (Polyomavirus enhancer-binding protein 2 beta subunit) (PEA2-beta) (PEBP2-beta) (SL3-3 enhancer factor 1 subunit beta) (SL3/AKV core-binding factor beta subunit)	182	f44381ccbfe8635ec21f7510e88fdbc2ab4d70eeb5c4539695c5cff384ab5f27	NO_DBD				0	0.00	0.00						NOT_VALIDATED	NO	NO_VALID_DBD_FRAGMENT	COFACTOR_OR_NON_DNA_BINDING_COMPONENT	NO_SEND_MARK_DNA_STRUCTURE_UNAVAILABLE		Non-DNA-binding cofactor/component; do not display as a DNA-bound TF structure.	Reviewed domain evidence supports a non-DNA-binding cofactor or complex component, not an accession DBD. PWM/database inclusion is not changed by this structural recommendation.				FINAL_ADJUDICATION_DRAFT_NOT_PUBLIC
Q59EB9	ZFX	X-linked zinc finger protein variant	436	d417b5ca799408ca56e43fa3ec82bcf4a5bf6cd47361e78f44902cf626b7e100	NO_DBD				0	0.00	0.00		B7ZKJ5	B7ZKJ5	B7ZKJ5	/data/sbi/interchange/boliva/patricia/models/TFS_B7ZKJ5:553:837_5wjq_D_1.pdb	PASS_NONEMPTY_PROTEIN_DNA_INTERFACE	NO	NO_VALID_DBD_FRAGMENT	ACCESSION_LACKS_DBD	NO_SEND_CANONICAL_REFERENCE_ONLY		Canonical same-gene reference available from accession B7ZKJ5; label explicitly as a reference.	Canonical DBD coverage is at most 10%, while at least 40 non-DBD canonical residues align at at least 80% identity. PWM/database inclusion is not changed by this structural recommendation.				FINAL_ADJUDICATION_DRAFT_NOT_PUBLIC
Q59EF3	TEAD1	TEA domain family member 1 variant	371	e823627235a31c2c51e91d9f52bb4158011cf3308ba64c8bcdc95667e5f63f07	UNCERTAIN	PF01285:TEA/ATTS domain	32	98	37	55.22	35.14	14-50	P28347	H0YE88	H0YE88	/data/sbi/interchange/boliva/patricia/models/TFS_H0YE88:31:104_5nnx_A_1.pdb	PASS_NONEMPTY_PROTEIN_DNA_INTERFACE	NO	NON_DBD_CONTACTS_NOT_ACCEPTED	UNCERTAIN_MANUAL_REVIEW	MANUAL_REVIEW_BEFORE_SENDING		Manual review unresolved.	Available evidence does not meet an approved automatic present/absent rule. PWM/database inclusion is not changed by this structural recommendation.	Coverage/identity does not satisfy a conservative automatic rule.			FINAL_ADJUDICATION_DRAFT_NOT_PUBLIC
Q5T4K9	CREB3L4	cAMP responsive element binding protein 3 like 4	217	3c867166879e823e65a67c6d85ce2bc30201019a907f645a2443068ff326743c	NO_DBD				0	0.00	0.00		Q8TEY5	Q8TEY5	Q8TEY5	/data/sbi/interchange/boliva/patricia/models/TFS_Q8TEY5:218:259_1t2k_C_1.pdb	PASS_NONEMPTY_PROTEIN_DNA_INTERFACE	NO	NO_VALID_DBD_FRAGMENT	ACCESSION_LACKS_DBD	NO_SEND_CANONICAL_REFERENCE_ONLY		Canonical same-gene reference available from accession Q8TEY5; label explicitly as a reference.	Canonical DBD coverage is at most 10%, while at least 40 non-DBD canonical residues align at at least 80% identity. PWM/database inclusion is not changed by this structural recommendation.				FINAL_ADJUDICATION_DRAFT_NOT_PUBLIC
Q5T4L2	CREB3L4	cAMP responsive element binding protein 3 like 4	182	cf1be96430ac3571a614def92e7afa3ee89b1603f5b2f48d305870f7c0cc14b1	NO_DBD				0	0.00	0.00		Q8TEY5	Q8TEY5	Q8TEY5	/data/sbi/interchange/boliva/patricia/models/TFS_Q8TEY5:218:259_1t2k_C_1.pdb	PASS_NONEMPTY_PROTEIN_DNA_INTERFACE	NO	NO_VALID_DBD_FRAGMENT	ACCESSION_LACKS_DBD	NO_SEND_CANONICAL_REFERENCE_ONLY		Canonical same-gene reference available from accession Q8TEY5; label explicitly as a reference.	Canonical DBD coverage is at most 10%, while at least 40 non-DBD canonical residues align at at least 80% identity. PWM/database inclusion is not changed by this structural recommendation.				FINAL_ADJUDICATION_DRAFT_NOT_PUBLIC
Q5VVR5	TCF7L2	Transcription factor 7 like 2	222	8550bbb04de314488e2078c6ed8fcd3e683a75cabe8aec655c3a946b709a3ff9	INCOMPLETE_DBD	PF00505:HMG (high mobility group) box	350	418	11	15.94	81.82	159-169	Q9NQB0	H0YEE5	H0YEE5	/data/sbi/interchange/boliva/patricia/models/TFS_H0YEE5:1:64_2lef_A_1.pdb	PASS_NONEMPTY_PROTEIN_DNA_INTERFACE	NO	NO_VALID_DBD_FRAGMENT	ACCESSION_CONTAINS_INCOMPLETE_DBD	NO_SEND_MARK_DNA_STRUCTURE_UNAVAILABLE		Accession contains only an incomplete DBD.	Only part of the expected canonical DBD is present; the accession cannot provide a complete modelable DBD.				FINAL_ADJUDICATION_DRAFT_NOT_PUBLIC
Q68D60	CREB3L2	Uncharacterized protein DKFZp686N2325	150	e7096cd645dc045418193eba5c16f3ed643b71df7e61d550ac0cda1c763972d2	NO_DBD	PF00170:bZIP transcription factor	292	354	0	0.00	0.00		Q70SY1				NOT_VALIDATED	NO	NO_VALID_DBD_FRAGMENT	ACCESSION_LACKS_DBD	NO_SEND_MARK_DNA_STRUCTURE_UNAVAILABLE		Canonical same-gene reference available from accession Q70SY1; label explicitly as a reference.	Local TF search resolves the gene and canonical alignment supports loss of the DBD.			"[{""accession"":""Q70SY1"",""aligned_residues"":150,""gene"":""CREB3L2"",""identity_percent"":99.33,""query_coverage_percent"":100.0,""sequence_length"":520},{""accession"":""A8KAI3"",""aligned_residues"":150,""gene"":"""",""identity_percent"":99.33,""query_coverage_percent"":100.0,""sequence_length"":520},{""accession"":""Q86WD1"",""aligned_residues"":150,""gene"":""PPARG"",""identity_percent"":95.33,""query_coverage_percent"":100.0,""sequence_length"":584},{""accession"":""A2RRN1"",""aligned_residues"":149,""gene"":""CREB3L2"",""identity_percent"":87.92,""query_coverage_percent"":99.33,""sequence_length"":174},{""accession"":""V9HVY5"",""aligned_residues"":150,""gene"":""HEL-S-89"",""identity_percent"":86.67,""query_coverage_percent"":100.0,""sequence_length"":1324}]"	FINAL_ADJUDICATION_DRAFT_NOT_PUBLIC
Q6L9M1	PPARG	Peroxisome proliferator-activated receptor gamma (PPAR-gamma) (Nuclear receptor subfamily 1 group C member 3)	41	67fb3b85ecbfda5dc49a158823357d7bc7a0eaa4ca0b5092d5ab896dd337349e	UNCERTAIN	PF00105:Double treble clef zinc finger, C4 type	138	204	2	2.99	100.00	24-25	P37231	Q4W4C7	Q4W4C7	/data/sbi/interchange/boliva/patricia/models/TFS_Q4W4C7:121:201_1a6y_B_1.pdb	PASS_NONEMPTY_PROTEIN_DNA_INTERFACE	NO	NO_VALID_DBD_FRAGMENT	UNCERTAIN_MANUAL_REVIEW	MANUAL_REVIEW_BEFORE_SENDING		Manual review unresolved.	Available evidence does not meet an approved automatic present/absent rule. PWM/database inclusion is not changed by this structural recommendation.	Coverage/identity does not satisfy a conservative automatic rule.			FINAL_ADJUDICATION_DRAFT_NOT_PUBLIC
Q6NZ39	LMX1A hCG_21707	LIM homeobox transcription factor 1, alpha	100	ad3a1baf7b80a06bdc0f3ea7a5693e929bf013acefc977b1dbea70e9363f6e03	NO_DBD				0	0.00	0.00		Q8TE12	Q8TE12	Q8TE12	/data/sbi/interchange/boliva/patricia/models/TFS_Q8TE12:196:249_6a8r_B_1.pdb	PASS_NONEMPTY_PROTEIN_DNA_INTERFACE	NO	NO_VALID_DBD_FRAGMENT	ACCESSION_LACKS_DBD	NO_SEND_CANONICAL_REFERENCE_ONLY		Canonical same-gene reference available from accession Q8TE12; label explicitly as a reference.	Canonical DBD coverage is at most 10%, while at least 40 non-DBD canonical residues align at at least 80% identity. PWM/database inclusion is not changed by this structural recommendation.				FINAL_ADJUDICATION_DRAFT_NOT_PUBLIC
Q709A9	TFEB	Transcription factor EB	79	b9679029e07f19b8c15eecb1345dddd0b5e1a7bfbebf214365526617b890104d	NO_DBD	PF00010:Helix-loop-helix DNA-binding domain	236	289	2	3.70	100.00	74-75	P19484	A0A7I2YQR9	A0A7I2YQR9	/data/sbi/interchange/boliva/patricia/models/TFS_A0A7I2YQR9:232:263_5nj8_B_1.pdb	PASS_NONEMPTY_PROTEIN_DNA_INTERFACE	NO	NO_VALID_DBD_FRAGMENT	ACCESSION_LACKS_DBD	NO_SEND_CANONICAL_REFERENCE_ONLY		Canonical same-gene reference available from accession P19484; label explicitly as a reference.	DBD coverage is at most 10%; at least 40 non-DBD residues align at at least 80% identity.				FINAL_ADJUDICATION_DRAFT_NOT_PUBLIC
Q86VD4	CREB3L2	CREB3L2 protein	200	2dfa37e87f19f5d7fb656ab46956c2b2d8e89206fda3ff5bc304b3825c217403	UNCERTAIN	PF00170:bZIP transcription factor	292	354	14	22.22	71.43	155-168	Q70SY1	Q70SY1	Q70SY1	/data/sbi/interchange/boliva/patricia/models/TFS_Q70SY1:295:354_1t2k_C_1.pdb	PASS_NONEMPTY_PROTEIN_DNA_INTERFACE	NO	NO_VALID_DBD_FRAGMENT	UNCERTAIN_MANUAL_REVIEW	MANUAL_REVIEW_BEFORE_SENDING		Manual review unresolved.	Available evidence does not meet an approved automatic present/absent rule. PWM/database inclusion is not changed by this structural recommendation.	Coverage/identity does not satisfy a conservative automatic rule.			FINAL_ADJUDICATION_DRAFT_NOT_PUBLIC
Q8NHZ2	ZFX	X-linked zinc finger protein	412	939ff876d4d95f94723697de9614a532c26db5e96b37a2d5a0eaaddd52110ce3	NO_DBD				0	0.00	0.00		B7ZKJ5	B7ZKJ5	B7ZKJ5	/data/sbi/interchange/boliva/patricia/models/TFS_B7ZKJ5:553:837_5wjq_D_1.pdb	PASS_NONEMPTY_PROTEIN_DNA_INTERFACE	NO	NO_VALID_DBD_FRAGMENT	ACCESSION_LACKS_DBD	NO_SEND_CANONICAL_REFERENCE_ONLY		Canonical same-gene reference available from accession B7ZKJ5; label explicitly as a reference.	Canonical DBD coverage is at most 10%, while at least 40 non-DBD canonical residues align at at least 80% identity. PWM/database inclusion is not changed by this structural recommendation.				FINAL_ADJUDICATION_DRAFT_NOT_PUBLIC
Q8NHZ3	ZFX	X-linked zinc finger protein	174	1b45c3a8b359f87c1252cd915a252ba6a4ae3dde9bd8e47eb3ed92645f6f6207	NO_DBD				0	0.00	0.00		B7ZKJ5	B7ZKJ5	B7ZKJ5	/data/sbi/interchange/boliva/patricia/models/TFS_B7ZKJ5:553:837_5wjq_D_1.pdb	PASS_NONEMPTY_PROTEIN_DNA_INTERFACE	NO	NO_VALID_DBD_FRAGMENT	ACCESSION_LACKS_DBD	NO_SEND_CANONICAL_REFERENCE_ONLY		Canonical same-gene reference available from accession B7ZKJ5; label explicitly as a reference.	Canonical DBD coverage is at most 10%, while at least 40 non-DBD canonical residues align at at least 80% identity. PWM/database inclusion is not changed by this structural recommendation.				FINAL_ADJUDICATION_DRAFT_NOT_PUBLIC
Q8NHZ4	ZFX	X-linked zinc finger protein	265	22eb118373b4b954c6b00baef44f1ae041ad1dafc992d1b9d9f7012f02633f2d	NO_DBD				0	0.00	0.00		B7ZKJ5	B7ZKJ5	B7ZKJ5	/data/sbi/interchange/boliva/patricia/models/TFS_B7ZKJ5:553:837_5wjq_D_1.pdb	PASS_NONEMPTY_PROTEIN_DNA_INTERFACE	NO	NO_VALID_DBD_FRAGMENT	ACCESSION_LACKS_DBD	NO_SEND_CANONICAL_REFERENCE_ONLY		Canonical same-gene reference available from accession B7ZKJ5; label explicitly as a reference.	Canonical DBD coverage is at most 10%, while at least 40 non-DBD canonical residues align at at least 80% identity. PWM/database inclusion is not changed by this structural recommendation.				FINAL_ADJUDICATION_DRAFT_NOT_PUBLIC
Q8NHZ5	ZFX	X-linked zinc finger protein	266	686c66874f898e4e8d77c1adea98b2d54a8027d024013039c6d40253907942dc	NO_DBD				0	0.00	0.00		B7ZKJ5	B7ZKJ5	B7ZKJ5	/data/sbi/interchange/boliva/patricia/models/TFS_B7ZKJ5:553:837_5wjq_D_1.pdb	PASS_NONEMPTY_PROTEIN_DNA_INTERFACE	NO	NO_VALID_DBD_FRAGMENT	ACCESSION_LACKS_DBD	NO_SEND_CANONICAL_REFERENCE_ONLY		Canonical same-gene reference available from accession B7ZKJ5; label explicitly as a reference.	Canonical DBD coverage is at most 10%, while at least 40 non-DBD canonical residues align at at least 80% identity. PWM/database inclusion is not changed by this structural recommendation.				FINAL_ADJUDICATION_DRAFT_NOT_PUBLIC
Q8WXB8	ZFX	X-linked zinc finger protein	149	816f90668ef8a34509b0ea2fe36dded14547a4d743d1d2d9cc56999b08ad1c25	NO_DBD				0	0.00	0.00		B7ZKJ5	B7ZKJ5	B7ZKJ5	/data/sbi/interchange/boliva/patricia/models/TFS_B7ZKJ5:553:837_5wjq_D_1.pdb	PASS_NONEMPTY_PROTEIN_DNA_INTERFACE	NO	NO_VALID_DBD_FRAGMENT	ACCESSION_LACKS_DBD	NO_SEND_CANONICAL_REFERENCE_ONLY		Canonical same-gene reference available from accession B7ZKJ5; label explicitly as a reference.	Canonical DBD coverage is at most 10%, while at least 40 non-DBD canonical residues align at at least 80% identity. PWM/database inclusion is not changed by this structural recommendation.				FINAL_ADJUDICATION_DRAFT_NOT_PUBLIC
Q8WXB9	ZFX	X-linked zinc finger protein	149	7596976eaca9355d990db0dd2d25a52f3eb9af1bfaadac7ba81468cfddec5df8	NO_DBD				0	0.00	0.00		B7ZKJ5	B7ZKJ5	B7ZKJ5	/data/sbi/interchange/boliva/patricia/models/TFS_B7ZKJ5:553:837_5wjq_D_1.pdb	PASS_NONEMPTY_PROTEIN_DNA_INTERFACE	NO	NO_VALID_DBD_FRAGMENT	ACCESSION_LACKS_DBD	NO_SEND_CANONICAL_REFERENCE_ONLY		Canonical same-gene reference available from accession B7ZKJ5; label explicitly as a reference.	Canonical DBD coverage is at most 10%, while at least 40 non-DBD canonical residues align at at least 80% identity. PWM/database inclusion is not changed by this structural recommendation.				FINAL_ADJUDICATION_DRAFT_NOT_PUBLIC
Q96QL7	ATF6B	ATF6B protein (cAMP responsive element binding protein-like 1)	318	3d66a46e1e601fd9afaeffed3fd478f8eb53ecace097e7431d8c9723e6f0e9d4	NO_DBD				0	0.00	0.00		Q6AZW6	Q6AZW6	Q6AZW6	/data/sbi/interchange/boliva/patricia/models/TFS_Q6AZW6:326:381_1t2k_C_1.pdb	PASS_NONEMPTY_PROTEIN_DNA_INTERFACE	NO	NO_VALID_DBD_FRAGMENT	ACCESSION_LACKS_DBD	NO_SEND_CANONICAL_REFERENCE_ONLY		Canonical same-gene reference available from accession Q6AZW6; label explicitly as a reference.	Canonical DBD coverage is at most 10%, while at least 40 non-DBD canonical residues align at at least 80% identity. PWM/database inclusion is not changed by this structural recommendation.				FINAL_ADJUDICATION_DRAFT_NOT_PUBLIC
Q9Y2W8	ESR1	Alternatively-spliced estrogen receptor alpha	113	9055ba6c6ab7b7affb4565f37e4e300f1f24803f3f0c7ae8a120e3b1d78cfee8	NO_DBD				0	0.00	0.00		P03372	P03372	P03372	/data/sbi/interchange/boliva/patricia/models/TFS_P03372:185:544_3e00_A_1.pdb	NOT_VALIDATED	NO	NO_VALID_DBD_FRAGMENT	ACCESSION_LACKS_DBD	NO_SEND_MARK_DNA_STRUCTURE_UNAVAILABLE		Canonical same-gene reference available from accession P03372; label explicitly as a reference.	Canonical DBD coverage is at most 10%, while at least 40 non-DBD canonical residues align at at least 80% identity. PWM/database inclusion is not changed by this structural recommendation.				FINAL_ADJUDICATION_DRAFT_NOT_PUBLIC
X5D8U0	ARNT2	Aryl-hydrocarbon receptor nuclear translocator 2 isoform G	435	47daad50c3c10ee73ba280d67907270a666d4db23d2600aca50954405fd7ceb9	NO_DBD	PF00010:Helix-loop-helix DNA-binding domain	65	116	2	3.85	100.00	1-2	Q9HBZ2	X5DRE4	X5DRE4	/data/sbi/interchange/boliva/patricia/models/TFS_X5DRE4:62:116_4zpr_A_1.pdb	PASS_NONEMPTY_PROTEIN_DNA_INTERFACE	NO	NO_VALID_DBD_FRAGMENT	ACCESSION_LACKS_DBD	NO_SEND_CANONICAL_REFERENCE_ONLY		Canonical same-gene reference available from accession Q9HBZ2; label explicitly as a reference.	DBD coverage is at most 10%; at least 40 non-DBD residues align at at least 80% identity.				FINAL_ADJUDICATION_DRAFT_NOT_PUBLIC
