pfam_id	pfam_name	failed_accession_count	failed_accessions	fragment_count	contacting_fragment_count	legacy_family_tokens	same_gene_candidate_context	domain_role_review	is_TF_DBD_review	review_evidence	reviewer	review_date	review_status
PF00023	Ankyrin repeat	1	O14593	1	0	Ank;Ank_2;Ank_3;Ank_4;Ank_5	"[{""failed_accession"":""O14593"",""longer_same_gene_candidate_accessions"":[],""reviewed_same_gene_candidate_accessions"":[],""same_gene_candidate_accessions"":[]}]"	UNREVIEWED	UNREVIEWED				UNREVIEWED
PF00104	Ligand-binding domain of nuclear hormone receptor	3	B4E374;H0YGT3;O75780	3	0	Hormone_recep	"[{""failed_accession"":""B4E374"",""longer_same_gene_candidate_accessions"":[],""reviewed_same_gene_candidate_accessions"":[],""same_gene_candidate_accessions"":[]},{""failed_accession"":""H0YGT3"",""longer_same_gene_candidate_accessions"":[""A0A6E1WCP9"",""P11474"",""Q569H8"",""Q96I02""],""reviewed_same_gene_candidate_accessions"":[""P11474""],""same_gene_candidate_accessions"":[""A0A6E1WCP9"",""F5GWT5"",""F5H0E9"",""P11474"",""Q569H8"",""Q96I02""]},{""failed_accession"":""O75780"",""longer_same_gene_candidate_accessions"":[],""reviewed_same_gene_candidate_accessions"":[],""same_gene_candidate_accessions"":[]}]"	UNREVIEWED	UNREVIEWED				UNREVIEWED
PF00651	BTB/POZ domain	4	A0A8Q3WLX6;A0A8V8TM03;A2AB93;G3V447	4	0	BTB;CYTH;HOK_GEF	"[{""failed_accession"":""A0A8Q3WLX6"",""longer_same_gene_candidate_accessions"":[""Q99592""],""reviewed_same_gene_candidate_accessions"":[""Q99592""],""same_gene_candidate_accessions"":[""A0A8V8TM03"",""Q99592""]},{""failed_accession"":""A0A8V8TM03"",""longer_same_gene_candidate_accessions"":[""A0A8Q3WLX6"",""Q99592""],""reviewed_same_gene_candidate_accessions"":[""Q99592""],""same_gene_candidate_accessions"":[""A0A8Q3WLX6"",""Q99592""]},{""failed_accession"":""A2AB93"",""longer_same_gene_candidate_accessions"":[""O15209""],""reviewed_same_gene_candidate_accessions"":[""O15209""],""same_gene_candidate_accessions"":[""O15209""]},{""failed_accession"":""G3V447"",""longer_same_gene_candidate_accessions"":[],""reviewed_same_gene_candidate_accessions"":[],""same_gene_candidate_accessions"":[]}]"	UNREVIEWED	UNREVIEWED				UNREVIEWED
PF01017	STAT transcription factor, coiled-coil domain	5	A0A494C0B5;A0A494C1L3;A0A8V8TLI6;B4DHE0;D2KFR9	5	3	AATF-Che1;ACP53EA;CorA;DUF342;LXG;STAT_alpha;STAT_int;Sfi1_C	"[{""failed_accession"":""A0A494C0B5"",""longer_same_gene_candidate_accessions"":[""A0A494C164"",""A0A494C1L3"",""A0A8V8TLG8"",""A0A8V8TLJ4"",""A0JLQ9"",""P52630"",""R9QDW3"",""R9QDW5"",""R9QDY3"",""R9QDY7"",""R9QDZ0"",""R9QE44"",""R9QE53"",""R9QE63"",""R9QE65"",""R9QE71"",""R9QF58"",""R9QF97"",""R9QF99"",""R9QFA2"",""R9QFA6"",""R9QFC5"",""R9QG79"",""R9QG88"",""R9QG91"",""R9QGC0""],""reviewed_same_gene_candidate_accessions"":[""P52630""],""same_gene_candidate_accessions"":[""A0A494C164"",""A0A494C1L3"",""A0A8V8TLG8"",""A0A8V8TLJ4"",""A0JLQ9"",""P52630"",""R9QDW3"",""R9QDW5"",""R9QDY3"",""R9QDY7"",""R9QDZ0"",""R9QE44"",""R9QE53"",""R9QE63"",""R9QE65"",""R9QE71"",""R9QF58"",""R9QF97"",""R9QF99"",""R9QFA2"",""R9QFA6"",""R9QFC5"",""R9QG79"",""R9QG88"",""R9QG91"",""R9QGC0""]},{""failed_accession"":""A0A494C1L3"",""longer_same_gene_candidate_accessions"":[""A0A494C164"",""A0A8V8TLG8"",""A0A8V8TLJ4"",""A0JLQ9"",""P52630"",""R9QDW3"",""R9QDW5"",""R9QDY3"",""R9QDY7"",""R9QDZ0"",""R9QE44"",""R9QE53"",""R9QE63"",""R9QE65"",""R9QE71"",""R9QF58"",""R9QF97"",""R9QF99"",""R9QFA2"",""R9QFA6"",""R9QFC5"",""R9QG79"",""R9QG88"",""R9QG91"",""R9QGC0""],""reviewed_same_gene_candidate_accessions"":[""P52630""],""same_gene_candidate_accessions"":[""A0A494C0B5"",""A0A494C164"",""A0A8V8TLG8"",""A0A8V8TLJ4"",""A0JLQ9"",""P52630"",""R9QDW3"",""R9QDW5"",""R9QDY3"",""R9QDY7"",""R9QDZ0"",""R9QE44"",""R9QE53"",""R9QE63"",""R9QE65"",""R9QE71"",""R9QF58"",""R9QF97"",""R9QF99"",""R9QFA2"",""R9QFA6"",""R9QFC5"",""R9QG79"",""R9QG88"",""R9QG91"",""R9QGC0""]},{""failed_accession"":""A0A8V8TLI6"",""longer_same_gene_candidate_accessions"":[""A0A669KB17"",""A0A669KB52"",""A0A669KB53"",""A0A669KB56"",""A0A669KB68"",""A0A669KB75"",""A0A669KBA4"",""A0A669KBI6"",""A0A8V8TN81"",""E7EPD2"",""J3KPM9"",""P42224""],""reviewed_same_gene_candidate_accessions"":[""P42224""],""same_gene_candidate_accessions"":[""A0A669KB17"",""A0A669KB52"",""A0A669KB53"",""A0A669KB56"",""A0A669KB68"",""A0A669KB75"",""A0A669KBA4"",""A0A669KBI6"",""A0A8V8TN81"",""D2KFR9"",""E7EPD2"",""J3KPM9"",""P42224""]},{""failed_accession"":""B4DHE0"",""longer_same_gene_candidate_accessions"":[],""reviewed_same_gene_candidate_accessions"":[],""same_gene_candidate_accessions"":[]},{""failed_accession"":""D2KFR9"",""longer_same_gene_candidate_accessions"":[""A0A669KB17"",""A0A669KB52"",""A0A669KB53"",""A0A669KB56"",""A0A669KB68"",""A0A669KB75"",""A0A669KBA4"",""A0A669KBI6"",""A0A8V8TLI6"",""A0A8V8TN81"",""E7EPD2"",""J3KPM9"",""P42224""],""reviewed_same_gene_candidate_accessions"":[""P42224""],""same_gene_candidate_accessions"":[""A0A669KB17"",""A0A669KB52"",""A0A669KB53"",""A0A669KB56"",""A0A669KB68"",""A0A669KB75"",""A0A669KBA4"",""A0A669KBI6"",""A0A8V8TLI6"",""A0A8V8TN81"",""E7EPD2"",""J3KPM9"",""P42224""]}]"	UNREVIEWED	UNREVIEWED				UNREVIEWED
PF02198	Sterile alpha motif (SAM)/Pointed domain	8	A0A0A7M2K0;B4DW78;E9PN75;E9PPS9;E9PQR6;E9PQX0;H0YG25;H2BNB9	8	1	GluR_Homer-bdg;SAM_1;SAM_PNT;Ste50p-SAM	"[{""failed_accession"":""A0A0A7M2K0"",""longer_same_gene_candidate_accessions"":[],""reviewed_same_gene_candidate_accessions"":[],""same_gene_candidate_accessions"":[]},{""failed_accession"":""B4DW78"",""longer_same_gene_candidate_accessions"":[],""reviewed_same_gene_candidate_accessions"":[],""same_gene_candidate_accessions"":[]},{""failed_accession"":""E9PN75"",""longer_same_gene_candidate_accessions"":[""E9PQR6"",""Q9NZC4""],""reviewed_same_gene_candidate_accessions"":[""Q9NZC4""],""same_gene_candidate_accessions"":[""E9PPS9"",""E9PQR6"",""E9PQX0"",""Q9NZC4""]},{""failed_accession"":""E9PPS9"",""longer_same_gene_candidate_accessions"":[""E9PN75"",""E9PQR6"",""E9PQX0"",""Q9NZC4""],""reviewed_same_gene_candidate_accessions"":[""Q9NZC4""],""same_gene_candidate_accessions"":[""E9PN75"",""E9PQR6"",""E9PQX0"",""Q9NZC4""]},{""failed_accession"":""E9PQR6"",""longer_same_gene_candidate_accessions"":[""Q9NZC4""],""reviewed_same_gene_candidate_accessions"":[""Q9NZC4""],""same_gene_candidate_accessions"":[""E9PN75"",""E9PPS9"",""E9PQX0"",""Q9NZC4""]},{""failed_accession"":""E9PQX0"",""longer_same_gene_candidate_accessions"":[""E9PN75"",""E9PQR6"",""Q9NZC4""],""reviewed_same_gene_candidate_accessions"":[""Q9NZC4""],""same_gene_candidate_accessions"":[""E9PN75"",""E9PPS9"",""E9PQR6"",""Q9NZC4""]},{""failed_accession"":""H0YG25"",""longer_same_gene_candidate_accessions"":[""A0A0S2Z3C9"",""A0A0S2Z3N6"",""P41212""],""reviewed_same_gene_candidate_accessions"":[""P41212""],""same_gene_candidate_accessions"":[""A0A0S2Z3C9"",""A0A0S2Z3N6"",""J3KN52"",""P41212""]},{""failed_accession"":""H2BNB9"",""longer_same_gene_candidate_accessions"":[],""reviewed_same_gene_candidate_accessions"":[],""same_gene_candidate_accessions"":[]}]"	UNREVIEWED	UNREVIEWED				UNREVIEWED
PF02312	Core binding factor beta subunit	1	Q13951	1	0		"[{""failed_accession"":""Q13951"",""longer_same_gene_candidate_accessions"":[],""reviewed_same_gene_candidate_accessions"":[],""same_gene_candidate_accessions"":[]}]"	UNREVIEWED	UNREVIEWED				UNREVIEWED
PF02865	STAT protein, protein interaction domain	5	A0A494C0B5;A0A494C1L3;A0A8V8TLI6;B4DHE0;D2KFR9	5	0	AATF-Che1;ACP53EA;CorA;DUF342;LXG;STAT_alpha;STAT_int;Sfi1_C	"[{""failed_accession"":""A0A494C0B5"",""longer_same_gene_candidate_accessions"":[""A0A494C164"",""A0A494C1L3"",""A0A8V8TLG8"",""A0A8V8TLJ4"",""A0JLQ9"",""P52630"",""R9QDW3"",""R9QDW5"",""R9QDY3"",""R9QDY7"",""R9QDZ0"",""R9QE44"",""R9QE53"",""R9QE63"",""R9QE65"",""R9QE71"",""R9QF58"",""R9QF97"",""R9QF99"",""R9QFA2"",""R9QFA6"",""R9QFC5"",""R9QG79"",""R9QG88"",""R9QG91"",""R9QGC0""],""reviewed_same_gene_candidate_accessions"":[""P52630""],""same_gene_candidate_accessions"":[""A0A494C164"",""A0A494C1L3"",""A0A8V8TLG8"",""A0A8V8TLJ4"",""A0JLQ9"",""P52630"",""R9QDW3"",""R9QDW5"",""R9QDY3"",""R9QDY7"",""R9QDZ0"",""R9QE44"",""R9QE53"",""R9QE63"",""R9QE65"",""R9QE71"",""R9QF58"",""R9QF97"",""R9QF99"",""R9QFA2"",""R9QFA6"",""R9QFC5"",""R9QG79"",""R9QG88"",""R9QG91"",""R9QGC0""]},{""failed_accession"":""A0A494C1L3"",""longer_same_gene_candidate_accessions"":[""A0A494C164"",""A0A8V8TLG8"",""A0A8V8TLJ4"",""A0JLQ9"",""P52630"",""R9QDW3"",""R9QDW5"",""R9QDY3"",""R9QDY7"",""R9QDZ0"",""R9QE44"",""R9QE53"",""R9QE63"",""R9QE65"",""R9QE71"",""R9QF58"",""R9QF97"",""R9QF99"",""R9QFA2"",""R9QFA6"",""R9QFC5"",""R9QG79"",""R9QG88"",""R9QG91"",""R9QGC0""],""reviewed_same_gene_candidate_accessions"":[""P52630""],""same_gene_candidate_accessions"":[""A0A494C0B5"",""A0A494C164"",""A0A8V8TLG8"",""A0A8V8TLJ4"",""A0JLQ9"",""P52630"",""R9QDW3"",""R9QDW5"",""R9QDY3"",""R9QDY7"",""R9QDZ0"",""R9QE44"",""R9QE53"",""R9QE63"",""R9QE65"",""R9QE71"",""R9QF58"",""R9QF97"",""R9QF99"",""R9QFA2"",""R9QFA6"",""R9QFC5"",""R9QG79"",""R9QG88"",""R9QG91"",""R9QGC0""]},{""failed_accession"":""A0A8V8TLI6"",""longer_same_gene_candidate_accessions"":[""A0A669KB17"",""A0A669KB52"",""A0A669KB53"",""A0A669KB56"",""A0A669KB68"",""A0A669KB75"",""A0A669KBA4"",""A0A669KBI6"",""A0A8V8TN81"",""E7EPD2"",""J3KPM9"",""P42224""],""reviewed_same_gene_candidate_accessions"":[""P42224""],""same_gene_candidate_accessions"":[""A0A669KB17"",""A0A669KB52"",""A0A669KB53"",""A0A669KB56"",""A0A669KB68"",""A0A669KB75"",""A0A669KBA4"",""A0A669KBI6"",""A0A8V8TN81"",""D2KFR9"",""E7EPD2"",""J3KPM9"",""P42224""]},{""failed_accession"":""B4DHE0"",""longer_same_gene_candidate_accessions"":[],""reviewed_same_gene_candidate_accessions"":[],""same_gene_candidate_accessions"":[]},{""failed_accession"":""D2KFR9"",""longer_same_gene_candidate_accessions"":[""A0A669KB17"",""A0A669KB52"",""A0A669KB53"",""A0A669KB56"",""A0A669KB68"",""A0A669KB75"",""A0A669KBA4"",""A0A669KBI6"",""A0A8V8TLI6"",""A0A8V8TN81"",""E7EPD2"",""J3KPM9"",""P42224""],""reviewed_same_gene_candidate_accessions"":[""P42224""],""same_gene_candidate_accessions"":[""A0A669KB17"",""A0A669KB52"",""A0A669KB53"",""A0A669KB56"",""A0A669KB68"",""A0A669KB75"",""A0A669KBA4"",""A0A669KBI6"",""A0A8V8TLI6"",""A0A8V8TN81"",""E7EPD2"",""J3KPM9"",""P42224""]}]"	UNREVIEWED	UNREVIEWED				UNREVIEWED
PF03299	Transcription factor AP-2	1	H7C4N4	1	1	TF_AP-2	"[{""failed_accession"":""H7C4N4"",""longer_same_gene_candidate_accessions"":[""A0A6E1XE14"",""C9JXZ2"",""H7C5E5"",""P05549""],""reviewed_same_gene_candidate_accessions"":[""P05549""],""same_gene_candidate_accessions"":[""A0A6E1XE14"",""C9JXZ2"",""H7C5E5"",""P05549""]}]"	UNREVIEWED	UNREVIEWED				UNREVIEWED
PF04589	RFX1 transcription activation region	1	B7Z8F5	1	0	RFX1_trans_act	"[{""failed_accession"":""B7Z8F5"",""longer_same_gene_candidate_accessions"":[],""reviewed_same_gene_candidate_accessions"":[],""same_gene_candidate_accessions"":[]}]"	UNREVIEWED	UNREVIEWED				UNREVIEWED
PF04704	Zfx/Zfy transcription activation region	8	C9J682;Q59EB9;Q8NHZ2;Q8NHZ3;Q8NHZ4;Q8NHZ5;Q8WXB8;Q8WXB9	8	0	Adhes-Ig_like;CHAP;Zfx_Zfy_act	"[{""failed_accession"":""C9J682"",""longer_same_gene_candidate_accessions"":[""B7ZKJ5"",""E9PEP7"",""P17010"",""Q8NHZ2"",""Q8NHZ3"",""Q8NHZ4"",""Q8NHZ5"",""Q8WWU0"",""Q8WXB7"",""Q8WXB8"",""Q8WXB9""],""reviewed_same_gene_candidate_accessions"":[""P17010""],""same_gene_candidate_accessions"":[""B7ZKJ5"",""E9PEP7"",""P17010"",""Q8NHZ2"",""Q8NHZ3"",""Q8NHZ4"",""Q8NHZ5"",""Q8WWU0"",""Q8WXB7"",""Q8WXB8"",""Q8WXB9""]},{""failed_accession"":""Q59EB9"",""longer_same_gene_candidate_accessions"":[],""reviewed_same_gene_candidate_accessions"":[],""same_gene_candidate_accessions"":[]},{""failed_accession"":""Q8NHZ2"",""longer_same_gene_candidate_accessions"":[""B7ZKJ5"",""E9PEP7"",""P17010"",""Q8WWU0"",""Q8WXB7""],""reviewed_same_gene_candidate_accessions"":[""P17010""],""same_gene_candidate_accessions"":[""B7ZKJ5"",""C9J682"",""E9PEP7"",""P17010"",""Q8NHZ3"",""Q8NHZ4"",""Q8NHZ5"",""Q8WWU0"",""Q8WXB7"",""Q8WXB8"",""Q8WXB9""]},{""failed_accession"":""Q8NHZ3"",""longer_same_gene_candidate_accessions"":[""B7ZKJ5"",""E9PEP7"",""P17010"",""Q8NHZ2"",""Q8NHZ4"",""Q8NHZ5"",""Q8WWU0"",""Q8WXB7""],""reviewed_same_gene_candidate_accessions"":[""P17010""],""same_gene_candidate_accessions"":[""B7ZKJ5"",""C9J682"",""E9PEP7"",""P17010"",""Q8NHZ2"",""Q8NHZ4"",""Q8NHZ5"",""Q8WWU0"",""Q8WXB7"",""Q8WXB8"",""Q8WXB9""]},{""failed_accession"":""Q8NHZ4"",""longer_same_gene_candidate_accessions"":[""B7ZKJ5"",""E9PEP7"",""P17010"",""Q8NHZ2"",""Q8NHZ5"",""Q8WWU0"",""Q8WXB7""],""reviewed_same_gene_candidate_accessions"":[""P17010""],""same_gene_candidate_accessions"":[""B7ZKJ5"",""C9J682"",""E9PEP7"",""P17010"",""Q8NHZ2"",""Q8NHZ3"",""Q8NHZ5"",""Q8WWU0"",""Q8WXB7"",""Q8WXB8"",""Q8WXB9""]},{""failed_accession"":""Q8NHZ5"",""longer_same_gene_candidate_accessions"":[""B7ZKJ5"",""E9PEP7"",""P17010"",""Q8NHZ2"",""Q8WWU0"",""Q8WXB7""],""reviewed_same_gene_candidate_accessions"":[""P17010""],""same_gene_candidate_accessions"":[""B7ZKJ5"",""C9J682"",""E9PEP7"",""P17010"",""Q8NHZ2"",""Q8NHZ3"",""Q8NHZ4"",""Q8WWU0"",""Q8WXB7"",""Q8WXB8"",""Q8WXB9""]},{""failed_accession"":""Q8WXB8"",""longer_same_gene_candidate_accessions"":[""B7ZKJ5"",""E9PEP7"",""P17010"",""Q8NHZ2"",""Q8NHZ3"",""Q8NHZ4"",""Q8NHZ5"",""Q8WWU0"",""Q8WXB7""],""reviewed_same_gene_candidate_accessions"":[""P17010""],""same_gene_candidate_accessions"":[""B7ZKJ5"",""C9J682"",""E9PEP7"",""P17010"",""Q8NHZ2"",""Q8NHZ3"",""Q8NHZ4"",""Q8NHZ5"",""Q8WWU0"",""Q8WXB7"",""Q8WXB9""]},{""failed_accession"":""Q8WXB9"",""longer_same_gene_candidate_accessions"":[""B7ZKJ5"",""E9PEP7"",""P17010"",""Q8NHZ2"",""Q8NHZ3"",""Q8NHZ4"",""Q8NHZ5"",""Q8WWU0"",""Q8WXB7""],""reviewed_same_gene_candidate_accessions"":[""P17010""],""same_gene_candidate_accessions"":[""B7ZKJ5"",""C9J682"",""E9PEP7"",""P17010"",""Q8NHZ2"",""Q8NHZ3"",""Q8NHZ4"",""Q8NHZ5"",""Q8WWU0"",""Q8WXB7"",""Q8WXB8""]}]"	UNREVIEWED	UNREVIEWED				UNREVIEWED
PF08347	N-terminal CTNNB1 binding	6	D6RAB1;D6RID7;D6RIV1;E5RG75;E5RJ51;Q5VVR5	6	0	CTNNB1_binding;DUF605	"[{""failed_accession"":""D6RAB1"",""longer_same_gene_candidate_accessions"":[""Q9UJU2""],""reviewed_same_gene_candidate_accessions"":[""Q9UJU2""],""same_gene_candidate_accessions"":[""D6RID7"",""D6RIV1"",""Q9UJU2""]},{""failed_accession"":""D6RID7"",""longer_same_gene_candidate_accessions"":[""D6RAB1"",""D6RIV1"",""Q9UJU2""],""reviewed_same_gene_candidate_accessions"":[""Q9UJU2""],""same_gene_candidate_accessions"":[""D6RAB1"",""D6RIV1"",""Q9UJU2""]},{""failed_accession"":""D6RIV1"",""longer_same_gene_candidate_accessions"":[""D6RAB1"",""Q9UJU2""],""reviewed_same_gene_candidate_accessions"":[""Q9UJU2""],""same_gene_candidate_accessions"":[""D6RAB1"",""D6RID7"",""Q9UJU2""]},{""failed_accession"":""E5RG75"",""longer_same_gene_candidate_accessions"":[""B7WNT5"",""E5RG34"",""E5RGQ1"",""H0YBC8"",""P36402""],""reviewed_same_gene_candidate_accessions"":[""P36402""],""same_gene_candidate_accessions"":[""B7WNT5"",""E5RG34"",""E5RGQ1"",""E5RHL1"",""E5RJ51"",""H0YAR8"",""H0YBC8"",""H0YBP2"",""P36402""]},{""failed_accession"":""E5RJ51"",""longer_same_gene_candidate_accessions"":[""B7WNT5"",""E5RG34"",""E5RG75"",""E5RGQ1"",""E5RHL1"",""H0YAR8"",""H0YBC8"",""P36402""],""reviewed_same_gene_candidate_accessions"":[""P36402""],""same_gene_candidate_accessions"":[""B7WNT5"",""E5RG34"",""E5RG75"",""E5RGQ1"",""E5RHL1"",""H0YAR8"",""H0YBC8"",""H0YBP2"",""P36402""]},{""failed_accession"":""Q5VVR5"",""longer_same_gene_candidate_accessions"":[""A0A0A0MTL7"",""A0A0D9SGH8"",""A0A1B0GVE1"",""A0A2Z5HTM8"",""A0A2Z5HTN9"",""A0A994J4F0"",""A0A994J711"",""B5BU30"",""C6ZRK5"",""E2GH13"",""E2GH15"",""E2GH16"",""E2GH18"",""E2GH23"",""E2GH26"",""Q5JRY4"",""Q5VVR7"",""Q5VVR8"",""Q6FHW4"",""Q9NQB0""],""reviewed_same_gene_candidate_accessions"":[""Q9NQB0""],""same_gene_candidate_accessions"":[""A0A0A0MTL7"",""A0A0D9SGH8"",""A0A1B0GU84"",""A0A1B0GVE1"",""A0A2Z5HTM8"",""A0A2Z5HTN9"",""A0A994J4F0"",""A0A994J711"",""B5BU30"",""C6ZRK5"",""E2GH13"",""E2GH15"",""E2GH16"",""E2GH18"",""E2GH23"",""E2GH26"",""H0YEE5"",""Q5JRY3"",""Q5JRY4"",""Q5VVR7"",""Q5VVR8"",""Q6FHW4"",""Q9NQB0""]}]"	UNREVIEWED	UNREVIEWED				UNREVIEWED
PF08447	PAS fold	1	B4E2U7	1	0	Dicty_REP;HIF-1;HIF-1a_CTAD;PAS;PAS_3;PAS_9	"[{""failed_accession"":""B4E2U7"",""longer_same_gene_candidate_accessions"":[],""reviewed_same_gene_candidate_accessions"":[],""same_gene_candidate_accessions"":[]}]"	UNREVIEWED	UNREVIEWED				UNREVIEWED
PF08778	HIF-1 alpha C terminal transactivation domain	1	B4E2U7	1	0	Dicty_REP;HIF-1;HIF-1a_CTAD;PAS;PAS_3;PAS_9	"[{""failed_accession"":""B4E2U7"",""longer_same_gene_candidate_accessions"":[],""reviewed_same_gene_candidate_accessions"":[],""same_gene_candidate_accessions"":[]}]"	UNREVIEWED	UNREVIEWED				UNREVIEWED
PF10401	Interferon-regulatory factor 3	1	B4E1B1	1	1	IRF-3	"[{""failed_accession"":""B4E1B1"",""longer_same_gene_candidate_accessions"":[""E9PSE3"",""M9RSF4"",""Q92985""],""reviewed_same_gene_candidate_accessions"":[""Q92985""],""same_gene_candidate_accessions"":[""E9PSE3"",""M9RSF4"",""Q92985""]}]"	UNREVIEWED	UNREVIEWED				UNREVIEWED
PF11413	Hypoxia-inducible factor-1	1	B4E2U7	1	0	Dicty_REP;HIF-1;HIF-1a_CTAD;PAS;PAS_3;PAS_9	"[{""failed_accession"":""B4E2U7"",""longer_same_gene_candidate_accessions"":[],""reviewed_same_gene_candidate_accessions"":[],""same_gene_candidate_accessions"":[]}]"	UNREVIEWED	UNREVIEWED				UNREVIEWED
PF11914	Domain of unknown function (DUF3432)	1	B4DNX4	1	0	DUF3432	"[{""failed_accession"":""B4DNX4"",""longer_same_gene_candidate_accessions"":[],""reviewed_same_gene_candidate_accessions"":[],""same_gene_candidate_accessions"":[]}]"	UNREVIEWED	UNREVIEWED				UNREVIEWED
PF11928	Early growth response N-terminal domain	4	A0A0S2Z3Q5;A0A1B0GUL0;B4DL38;B4DVG0	4	0	DUF3446	"[{""failed_accession"":""A0A0S2Z3Q5"",""longer_same_gene_candidate_accessions"":[""A0A8I5KYI5"",""P11161""],""reviewed_same_gene_candidate_accessions"":[""P11161""],""same_gene_candidate_accessions"":[""A0A0S2Z3U4"",""A0A1B0GUL0"",""A0A8I5KYI5"",""P11161""]},{""failed_accession"":""A0A1B0GUL0"",""longer_same_gene_candidate_accessions"":[""A0A0S2Z3Q5"",""A0A0S2Z3U4"",""A0A8I5KYI5"",""P11161""],""reviewed_same_gene_candidate_accessions"":[""P11161""],""same_gene_candidate_accessions"":[""A0A0S2Z3Q5"",""A0A0S2Z3U4"",""A0A8I5KYI5"",""P11161""]},{""failed_accession"":""B4DL38"",""longer_same_gene_candidate_accessions"":[],""reviewed_same_gene_candidate_accessions"":[],""same_gene_candidate_accessions"":[]},{""failed_accession"":""B4DVG0"",""longer_same_gene_candidate_accessions"":[],""reviewed_same_gene_candidate_accessions"":[],""same_gene_candidate_accessions"":[]}]"	UNREVIEWED	UNREVIEWED				UNREVIEWED
PF12577	PPAR gamma N-terminal region	4	A0A804HIG1;A0A804HLH1;E7EU07;Q6L9M1	4	0	PPARgamma_N	"[{""failed_accession"":""A0A804HIG1"",""longer_same_gene_candidate_accessions"":[""A0A494C012"",""A0A494C0D9"",""A0A494C0T3"",""A0A499FIV4"",""A0A804HJN2"",""A0A804HL89"",""D2KUA6"",""E7EU07"",""E7EUD1"",""E9PFV2"",""E9PFX5"",""P37231"",""Q4W4C6"",""Q4W4C7"",""Q53EW1"",""Q86WD1""],""reviewed_same_gene_candidate_accessions"":[""P37231""],""same_gene_candidate_accessions"":[""A0A494C012"",""A0A494C0D9"",""A0A494C0T3"",""A0A499FIV4"",""A0A804HJN2"",""A0A804HL89"",""A0A804HLH1"",""D2KUA6"",""E7EU07"",""E7EUD1"",""E9PFV2"",""E9PFX5"",""P37231"",""Q4W4C6"",""Q4W4C7"",""Q53EW1"",""Q6L9M1"",""Q86WD1""]},{""failed_accession"":""A0A804HLH1"",""longer_same_gene_candidate_accessions"":[""A0A494C012"",""A0A494C0D9"",""A0A494C0T3"",""A0A499FIV4"",""A0A804HIG1"",""A0A804HJN2"",""A0A804HL89"",""D2KUA6"",""E7EU07"",""E7EUD1"",""E9PFV2"",""E9PFX5"",""P37231"",""Q4W4C6"",""Q4W4C7"",""Q53EW1"",""Q86WD1""],""reviewed_same_gene_candidate_accessions"":[""P37231""],""same_gene_candidate_accessions"":[""A0A494C012"",""A0A494C0D9"",""A0A494C0T3"",""A0A499FIV4"",""A0A804HIG1"",""A0A804HJN2"",""A0A804HL89"",""D2KUA6"",""E7EU07"",""E7EUD1"",""E9PFV2"",""E9PFX5"",""P37231"",""Q4W4C6"",""Q4W4C7"",""Q53EW1"",""Q6L9M1"",""Q86WD1""]},{""failed_accession"":""E7EU07"",""longer_same_gene_candidate_accessions"":[""A0A494C012"",""A0A494C0D9"",""A0A494C0T3"",""A0A499FIV4"",""A0A804HJN2"",""A0A804HL89"",""D2KUA6"",""E7EUD1"",""E9PFV2"",""E9PFX5"",""P37231"",""Q4W4C6"",""Q4W4C7"",""Q53EW1"",""Q86WD1""],""reviewed_same_gene_candidate_accessions"":[""P37231""],""same_gene_candidate_accessions"":[""A0A494C012"",""A0A494C0D9"",""A0A494C0T3"",""A0A499FIV4"",""A0A804HIG1"",""A0A804HJN2"",""A0A804HL89"",""A0A804HLH1"",""D2KUA6"",""E7EUD1"",""E9PFV2"",""E9PFX5"",""P37231"",""Q4W4C6"",""Q4W4C7"",""Q53EW1"",""Q6L9M1"",""Q86WD1""]},{""failed_accession"":""Q6L9M1"",""longer_same_gene_candidate_accessions"":[""A0A494C012"",""A0A494C0D9"",""A0A494C0T3"",""A0A499FIV4"",""A0A804HIG1"",""A0A804HJN2"",""A0A804HL89"",""A0A804HLH1"",""D2KUA6"",""E7EU07"",""E7EUD1"",""E9PFV2"",""E9PFX5"",""P37231"",""Q4W4C6"",""Q4W4C7"",""Q53EW1"",""Q86WD1""],""reviewed_same_gene_candidate_accessions"":[""P37231""],""same_gene_candidate_accessions"":[""A0A494C012"",""A0A494C0D9"",""A0A494C0T3"",""A0A499FIV4"",""A0A804HIG1"",""A0A804HJN2"",""A0A804HL89"",""A0A804HLH1"",""D2KUA6"",""E7EU07"",""E7EUD1"",""E9PFV2"",""E9PFX5"",""P37231"",""Q4W4C6"",""Q4W4C7"",""Q53EW1"",""Q86WD1""]}]"	UNREVIEWED	UNREVIEWED				UNREVIEWED
PF12796	Ankyrin repeats (3 copies)	1	O14593	1	0	Ank;Ank_2;Ank_3;Ank_4;Ank_5	"[{""failed_accession"":""O14593"",""longer_same_gene_candidate_accessions"":[],""reviewed_same_gene_candidate_accessions"":[],""same_gene_candidate_accessions"":[]}]"	UNREVIEWED	UNREVIEWED				UNREVIEWED
PF14598	PAS domain	1	X5D8U0	1	0	PAS;PAS_3;PAS_6;PAS_9	"[{""failed_accession"":""X5D8U0"",""longer_same_gene_candidate_accessions"":[""Q9HBZ2"",""X5D7T2"",""X5DP31"",""X5DP40"",""X5DQN9""],""reviewed_same_gene_candidate_accessions"":[""Q9HBZ2""],""same_gene_candidate_accessions"":[""Q86TN1"",""Q9HBZ2"",""X5D7T2"",""X5D9H9"",""X5DP31"",""X5DP40"",""X5DQN9"",""X5DRE4""]}]"	UNREVIEWED	UNREVIEWED				UNREVIEWED
PF15951	MITF/TFEB/TFEC/TFE3 N-terminus	3	B1AKB1;C9J845;Q709A9	3	1	Activator_LAG-3;DUF2547;DUF605;MAS20;Ribophorin_I;Suf	"[{""failed_accession"":""B1AKB1"",""longer_same_gene_candidate_accessions"":[""A0A1B0GXL9"",""A0A7I2YQR9"",""B0QYS6"",""B0QYS7"",""B1AKB2"",""B1AKB4"",""B1AKB5"",""P19484""],""reviewed_same_gene_candidate_accessions"":[""P19484""],""same_gene_candidate_accessions"":[""A0A1B0GXL9"",""A0A7I2YQR9"",""B0QYS6"",""B0QYS7"",""B1AKB2"",""B1AKB4"",""B1AKB5"",""P19484"",""Q709A9""]},{""failed_accession"":""C9J845"",""longer_same_gene_candidate_accessions"":[""A0A8I5KRZ6"",""A0A8I5KSZ4"",""A0A8I5KTU3"",""C9JBI8"",""O75030""],""reviewed_same_gene_candidate_accessions"":[""O75030""],""same_gene_candidate_accessions"":[""A0A087WXU1"",""A0A8I5KRZ6"",""A0A8I5KSZ4"",""A0A8I5KTU3"",""C9JBI8"",""E9PKJ8"",""O75030""]},{""failed_accession"":""Q709A9"",""longer_same_gene_candidate_accessions"":[""A0A1B0GXL9"",""A0A7I2YQR9"",""B0QYS6"",""B0QYS7"",""B1AKB1"",""B1AKB2"",""B1AKB4"",""B1AKB5"",""P19484""],""reviewed_same_gene_candidate_accessions"":[""P19484""],""same_gene_candidate_accessions"":[""A0A1B0GXL9"",""A0A7I2YQR9"",""B0QYS6"",""B0QYS7"",""B1AKB1"",""B1AKB2"",""B1AKB4"",""B1AKB5"",""P19484""]}]"	UNREVIEWED	UNREVIEWED				UNREVIEWED
PF17725	YAP binding domain	2	E9PKB7;Q59EF3	2	2	TEA	"[{""failed_accession"":""E9PKB7"",""longer_same_gene_candidate_accessions"":[""H0YE88"",""H0YEJ9"",""P28347""],""reviewed_same_gene_candidate_accessions"":[""P28347""],""same_gene_candidate_accessions"":[""H0YE88"",""H0YEJ9"",""P28347""]},{""failed_accession"":""Q59EF3"",""longer_same_gene_candidate_accessions"":[],""reviewed_same_gene_candidate_accessions"":[],""same_gene_candidate_accessions"":[]}]"	UNREVIEWED	UNREVIEWED				UNREVIEWED
PF18326	RFX5 N-terminal domain	1	F6X9D6	1	0	Pox_D5;RFX_DNA_binding	"[{""failed_accession"":""F6X9D6"",""longer_same_gene_candidate_accessions"":[""A0A0A0MSQ2"",""F6R6G4"",""F6UE82"",""F8W689"",""H0Y4B4"",""P48382""],""reviewed_same_gene_candidate_accessions"":[""P48382""],""same_gene_candidate_accessions"":[""A0A0A0MSM9"",""A0A0A0MSQ2"",""F6R6G4"",""F6UE82"",""F8W689"",""H0Y4B4"",""P48382""]}]"	UNREVIEWED	UNREVIEWED				UNREVIEWED
PF19525	Ets1 N-terminal flanking region of Ets domain	1	B4DW78	1	0	GluR_Homer-bdg;SAM_PNT	"[{""failed_accession"":""B4DW78"",""longer_same_gene_candidate_accessions"":[],""reviewed_same_gene_candidate_accessions"":[],""same_gene_candidate_accessions"":[]}]"	UNREVIEWED	UNREVIEWED				UNREVIEWED
PF19536	POU domain, class 2, transcription factor 1 C-terminal	1	H0YNG1	1	0		"[{""failed_accession"":""H0YNG1"",""longer_same_gene_candidate_accessions"":[""A0A8I5KYI8"",""B5ME60"",""H0YKT2"",""H0YLL6"",""H0YNW1"",""P09086"",""U3KQ96"",""U3KQN1""],""reviewed_same_gene_candidate_accessions"":[""P09086""],""same_gene_candidate_accessions"":[""A0A8I5KYI8"",""B5ME60"",""H0YKT2"",""H0YLL6"",""H0YNW1"",""M0R1I6"",""P09086"",""U3KQ96"",""U3KQN1""]}]"	UNREVIEWED	UNREVIEWED				UNREVIEWED
PF25340	RFX BCD domain	1	B7Z8F5	1	0	RFX1_trans_act	"[{""failed_accession"":""B7Z8F5"",""longer_same_gene_candidate_accessions"":[],""reviewed_same_gene_candidate_accessions"":[],""same_gene_candidate_accessions"":[]}]"	UNREVIEWED	UNREVIEWED				UNREVIEWED
