failed_accession	failed_sequence_length	canonical_reference_accession	canonical_reference_sequence_length	reference_selection_reason	canonical_DBD_start	canonical_DBD_end	canonical_DBD_interval_source	canonical_DBD_context	full_alignment_columns	full_aligned_residue_pairs	full_alignment_matches	full_identity_percent	DBD_length	DBD_aligned_residues	DBD_matches	DBD_coverage_percent	DBD_identity_percent	failed_coordinates_corresponding_to_DBD	aligned_non_DBD_residues	aligned_non_DBD_matches	aligned_non_DBD_identity_percent	alignment_evidence_class	model_path	model_interval	model_path_sha256	pdb_selected_protein_chain	pdb_chain_sequence_length	pdb_chain_sequence_sha256	pdb_to_reference_aligned_residues	pdb_to_reference_identity_percent	pdb_chain_coverage_percent	failed_to_pdb_aligned_residues	failed_to_pdb_identity_percent	failed_sequence_coverage_by_pdb_percent	pdb_reference_reconciliation_status	pdb_reconciliation_note	canonical_reference_is_separate_accession
A0A0S2Z3Q5	282	A0A8I5KYI5	489	SAME_GENE_MODCRE_SUMMARY_V2_EXPLICIT_ACCESSION	353	433	CANONICAL_DBD_PFAM_WITHIN_MODEL_INTERVAL	PF00096:353-377:Zinc finger, C2H2 type;PF00096:383-405:Zinc finger, C2H2 type;PF00096:411-433:Zinc finger, C2H2 type	489	282	269	95.39	81	6	6	7.41	100.00	266-271	276	263	95.29	HIGH_CONFIDENCE_DBD_ABSENT	/data/sbi/interchange/boliva/patricia/models/TFS_A0A8I5KYI5:350:435_4r2a_A_1.pdb	350-435	03ed0cd6d64c6542752fc5deac3e71c3cbabf027aa6f4c2419baf31d6474d34a	A	86	5f6237fb5116358b5cba386d6536b5eb07da43505a863409605761337b698953	86	100.00	100.00	4	100.00	1.42	RECONCILED	PDB protein chain reconciles to the stated reference accession interval.	YES
A0A0U4U3E8	159	P48436	509	SAME_GENE_MODCRE_SUMMARY_V2_EXPLICIT_ACCESSION	105	173	CANONICAL_DBD_PFAM_WITHIN_MODEL_INTERVAL	PF00505:105-173:HMG (high mobility group) box	509	159	159	100.00	69	0	0	0.00	0.00		159	159	100.00	HIGH_CONFIDENCE_DBD_ABSENT	/data/sbi/interchange/boliva/patricia/models/TFS_P48436:103:174_4euw_A_1.pdb	103-174	61675efc451ecdaea645f659ef37bcda1fe5393a5d62503dd1ab4691f4f27f4e	A	72	6c01dcb39bbc49f6871c692f815b270d5621b50eaa7c214c66d3cc71d343e4a5	72	100.00	100.00	3	100.00	1.89	RECONCILED	PDB protein chain reconciles to the stated reference accession interval.	YES
A0A1B0GUL0	139	A0A8I5KYI5	489	SAME_GENE_MODCRE_SUMMARY_V2_EXPLICIT_ACCESSION	353	433	CANONICAL_DBD_PFAM_WITHIN_MODEL_INTERVAL	PF00096:353-377:Zinc finger, C2H2 type;PF00096:383-405:Zinc finger, C2H2 type;PF00096:411-433:Zinc finger, C2H2 type	489	139	126	90.65	81	5	5	6.17	100.00	127-131	134	121	90.30	HIGH_CONFIDENCE_DBD_ABSENT	/data/sbi/interchange/boliva/patricia/models/TFS_A0A8I5KYI5:350:435_4r2a_A_1.pdb	350-435	03ed0cd6d64c6542752fc5deac3e71c3cbabf027aa6f4c2419baf31d6474d34a	A	86	5f6237fb5116358b5cba386d6536b5eb07da43505a863409605761337b698953	86	100.00	100.00	4	100.00	2.88	RECONCILED	PDB protein chain reconciles to the stated reference accession interval.	YES
A0A2R8Y7P3	107	P35711	763	SAME_GENE_MODCRE_SUMMARY_V2_EXPLICIT_ACCESSION	556	624	CANONICAL_DBD_PFAM_WITHIN_MODEL_INTERVAL	PF00505:556-624:HMG (high mobility group) box	763	107	107	100.00	69	5	5	7.25	100.00	99-103	102	102	100.00	HIGH_CONFIDENCE_DBD_ABSENT	/data/sbi/interchange/boliva/patricia/models/TFS_P35711:553:634_1j46_A_1.pdb	553-634	e650412cce38e0f818785072e64d8f7d3421b84f7859f8ae76503212cfb0e833	A	82	9c18c1e6cd8346066459d9e5742227dab0dc349837fd9b47aac6104289915178	82	100.00	100.00	4	100.00	3.74	RECONCILED	PDB protein chain reconciles to the stated reference accession interval.	YES
A0A494C0B5	199	P52630	851	SAME_GENE_MODCRE_SUMMARY_V2_EXPLICIT_ACCESSION	321	456	CANONICAL_DBD_PFAM_WITHIN_MODEL_INTERVAL	PF02864:321-456:STAT protein, DNA binding domain	851	199	199	100.00	136	6	6	4.41	100.00	182-187	193	193	100.00	HIGH_CONFIDENCE_DBD_ABSENT	/data/sbi/interchange/boliva/patricia/models/TFS_P52630:141:678_1bf5_A_1.pdb	141-678	d3e458d2d038b1e6b31f156c8d57ea224f6852a6b2404c98155be261ef2be051	A	538	eb6fb4a58821cecad0e7f8404621b838fc812052d0bc67025885b2a5db7acf36	538	100.00	100.00	43	100.00	21.61	RECONCILED	PDB protein chain reconciles to the stated reference accession interval.	YES
A0A494C1L3	261	P52630	851	SAME_GENE_MODCRE_SUMMARY_V2_EXPLICIT_ACCESSION	321	456	CANONICAL_DBD_PFAM_WITHIN_MODEL_INTERVAL	PF02864:321-456:STAT protein, DNA binding domain	851	261	261	100.00	136	4	4	2.94	100.00	250-253	257	257	100.00	HIGH_CONFIDENCE_DBD_ABSENT	/data/sbi/interchange/boliva/patricia/models/TFS_P52630:141:678_1bf5_A_1.pdb	141-678	d3e458d2d038b1e6b31f156c8d57ea224f6852a6b2404c98155be261ef2be051	A	538	eb6fb4a58821cecad0e7f8404621b838fc812052d0bc67025885b2a5db7acf36	538	100.00	100.00	121	100.00	46.36	RECONCILED	PDB protein chain reconciles to the stated reference accession interval.	YES
A0A6Q8PFH6	126	P18848	351	SAME_GENE_MODCRE_SUMMARY_V2_EXPLICIT_ACCESSION	276	337	CANONICAL_DBD_PFAM_WITHIN_MODEL_INTERVAL	PF00170:276-337:bZIP transcription factor	351	126	126	100.00	62	1	1	1.61	100.00	126-126	125	125	100.00	HIGH_CONFIDENCE_DBD_ABSENT	/data/sbi/interchange/boliva/patricia/models/TFS_P18848:279:338_2wt7_A_1.pdb	279-338	59e2c309f4f577ffa786a492bf6a3254f5ebc77bae35ea42c8a9c9d75d642391	A	60	cf3a191b69e28906e6e37dc24e7e630bb26827eae456dc263fe40efab0dd973c	60	100.00	100.00	6	66.67	4.76	RECONCILED	PDB protein chain reconciles to the stated reference accession interval.	YES
A0A6Q8PGY1	189	P18848	351	SAME_GENE_MODCRE_SUMMARY_V2_EXPLICIT_ACCESSION	276	337	CANONICAL_DBD_PFAM_WITHIN_MODEL_INTERVAL	PF00170:276-337:bZIP transcription factor	351	189	189	100.00	62	1	1	1.61	100.00	189-189	188	188	100.00	HIGH_CONFIDENCE_DBD_ABSENT	/data/sbi/interchange/boliva/patricia/models/TFS_P18848:279:338_2wt7_A_1.pdb	279-338	59e2c309f4f577ffa786a492bf6a3254f5ebc77bae35ea42c8a9c9d75d642391	A	60	cf3a191b69e28906e6e37dc24e7e630bb26827eae456dc263fe40efab0dd973c	60	100.00	100.00	6	66.67	3.17	RECONCILED	PDB protein chain reconciles to the stated reference accession interval.	YES
A0A6Q8PHB3	121	P18848	351	SAME_GENE_MODCRE_SUMMARY_V2_EXPLICIT_ACCESSION	276	337	CANONICAL_DBD_PFAM_WITHIN_MODEL_INTERVAL	PF00170:276-337:bZIP transcription factor	351	121	121	100.00	62	4	4	6.45	100.00	118-121	117	117	100.00	HIGH_CONFIDENCE_DBD_ABSENT	/data/sbi/interchange/boliva/patricia/models/TFS_P18848:279:338_2wt7_A_1.pdb	279-338	59e2c309f4f577ffa786a492bf6a3254f5ebc77bae35ea42c8a9c9d75d642391	A	60	cf3a191b69e28906e6e37dc24e7e630bb26827eae456dc263fe40efab0dd973c	60	100.00	100.00	6	66.67	4.96	RECONCILED	PDB protein chain reconciles to the stated reference accession interval.	YES
A0A7P0T8Y1	150	A0A7P0TAH1	700	SAME_GENE_MODCRE_SUMMARY_V2_EXPLICIT_ACCESSION	307	366	CANONICAL_DBD_PFAM_WITHIN_MODEL_INTERVAL	PF00170:307-366:bZIP transcription factor	700	150	150	100.00	60	2	2	3.33	100.00	127-128	148	148	100.00	HIGH_CONFIDENCE_DBD_ABSENT	/data/sbi/interchange/boliva/patricia/models/TFS_A0A7P0TAH1:289:362_1nkp_A_1.pdb	289-362	8685763438c5b8d85168852531de58e937aa339538e4902e7d833b7dbd892f26	A	74	f9c881c503a6a1e94b2372d7c0145757b5d8f1db7c0580f5f1da2a8f9dad2538	74	100.00	100.00	9	66.67	6.00	RECONCILED	PDB protein chain reconciles to the stated reference accession interval.	YES
A0A7P0T992	286	A0A7P0TAH1	700	SAME_GENE_MODCRE_SUMMARY_V2_EXPLICIT_ACCESSION	307	366	CANONICAL_DBD_PFAM_WITHIN_MODEL_INTERVAL	PF00170:307-366:bZIP transcription factor	700	286	274	95.80	60	6	5	10.00	83.33	231-236	280	269	96.07	HIGH_CONFIDENCE_DBD_ABSENT	/data/sbi/interchange/boliva/patricia/models/TFS_A0A7P0TAH1:289:362_1nkp_A_1.pdb	289-362	8685763438c5b8d85168852531de58e937aa339538e4902e7d833b7dbd892f26	A	74	f9c881c503a6a1e94b2372d7c0145757b5d8f1db7c0580f5f1da2a8f9dad2538	74	100.00	100.00	9	66.67	3.15	RECONCILED	PDB protein chain reconciles to the stated reference accession interval.	YES
A0A7P0TAB8	89	A0A7P0TAH1	700	SAME_GENE_MODCRE_SUMMARY_V2_EXPLICIT_ACCESSION	307	366	CANONICAL_DBD_PFAM_WITHIN_MODEL_INTERVAL	PF00170:307-366:bZIP transcription factor	700	89	89	100.00	60	1	1	1.67	100.00	75-75	88	88	100.00	HIGH_CONFIDENCE_DBD_ABSENT	/data/sbi/interchange/boliva/patricia/models/TFS_A0A7P0TAH1:289:362_1nkp_A_1.pdb	289-362	8685763438c5b8d85168852531de58e937aa339538e4902e7d833b7dbd892f26	A	74	f9c881c503a6a1e94b2372d7c0145757b5d8f1db7c0580f5f1da2a8f9dad2538	74	100.00	100.00	5	80.00	5.62	RECONCILED	PDB protein chain reconciles to the stated reference accession interval.	YES
A0A804HIG1	92	Q4W4C7	280	SAME_GENE_MODCRE_SUMMARY_V2_EXPLICIT_ACCESSION	124	190	CANONICAL_DBD_PFAM_WITHIN_MODEL_INTERVAL	PF00105:124-190:Double treble clef zinc finger, C4 type	280	92	92	100.00	67	4	4	5.97	100.00	87-90	88	88	100.00	HIGH_CONFIDENCE_DBD_ABSENT	/data/sbi/interchange/boliva/patricia/models/TFS_Q4W4C7:121:201_1a6y_B_1.pdb	121-201	cfcad351e1dc61776aad8542fa412d5eab171c06e5fe87443c090a7839270631	B	74	0c4f8395392f61de6f905227fb94495f6df867bcbed863d50f38d6cb7b0768cc	74	100.00	100.00	3	100.00	3.26	RECONCILED	PDB protein chain reconciles to the stated reference accession interval.	YES
A0A804HLH1	77	Q4W4C7	280	SAME_GENE_MODCRE_SUMMARY_V2_EXPLICIT_ACCESSION	124	190	CANONICAL_DBD_PFAM_WITHIN_MODEL_INTERVAL	PF00105:124-190:Double treble clef zinc finger, C4 type	280	77	76	98.70	67	7	7	10.45	100.00	62-68	70	69	98.57	UNCERTAIN_MANUAL_REVIEW	/data/sbi/interchange/boliva/patricia/models/TFS_Q4W4C7:121:201_1a6y_B_1.pdb	121-201	cfcad351e1dc61776aad8542fa412d5eab171c06e5fe87443c090a7839270631	B	74	0c4f8395392f61de6f905227fb94495f6df867bcbed863d50f38d6cb7b0768cc	74	100.00	100.00	4	75.00	5.19	RECONCILED	PDB protein chain reconciles to the stated reference accession interval.	YES
A0A8Q3WLX6	227	Q99592	522	SAME_GENE_MODCRE_SUMMARY_V2_EXPLICIT_ACCESSION	411	489	CANONICAL_DBD_PFAM_WITHIN_MODEL_INTERVAL	PF13894:411-432:C2H2-type zinc finger;PF00096:438-460:Zinc finger, C2H2 type;PF00096:466-489:Zinc finger, C2H2 type	522	227	227	100.00	79	6	6	7.59	100.00	221-226	221	221	100.00	HIGH_CONFIDENCE_DBD_ABSENT	/data/sbi/interchange/boliva/patricia/models/TFS_Q99592:409:485_1ubd_C_1.pdb	409-485	3000af89e438c0f732edae90680e7ef6bfb066cf89c8be60b348c1777c28a0e7	A	77	65ad7d8fd7662ccc4aa9adccf1ea919c33ca1f52b5154f3abb9ea1f89cac35f8	77	100.00	100.00	3	100.00	1.32	RECONCILED	PDB protein chain reconciles to the stated reference accession interval.	YES
A0A8V8TLI6	212	A0A669KB52	636	SAME_GENE_MODCRE_SUMMARY_V2_EXPLICIT_ACCESSION	322	458	CANONICAL_DBD_PFAM_WITHIN_MODEL_INTERVAL	PF02864:322-458:STAT protein, DNA binding domain	636	212	212	100.00	137	7	7	5.11	100.00	196-202	205	205	100.00	HIGH_CONFIDENCE_DBD_ABSENT	/data/sbi/interchange/boliva/patricia/models/TFS_A0A669KB52:136:624_1bf5_A_1.pdb	136-624	f3533d569be0e66e15c522f7d38e017dc3e83aa7691b7a96503665e942cfa0bf	A	489	be11faa5697aab933262cb2a4ce317f66812075a12c033aadba92eb51369e114	489	100.00	100.00	77	100.00	36.32	RECONCILED	PDB protein chain reconciles to the stated reference accession interval.	YES
A0A8V8TM03	139	Q99592	522	SAME_GENE_MODCRE_SUMMARY_V2_EXPLICIT_ACCESSION	411	489	CANONICAL_DBD_PFAM_WITHIN_MODEL_INTERVAL	PF13894:411-432:C2H2-type zinc finger;PF00096:438-460:Zinc finger, C2H2 type;PF00096:466-489:Zinc finger, C2H2 type	522	139	139	100.00	79	2	2	2.53	100.00	135-136	137	137	100.00	HIGH_CONFIDENCE_DBD_ABSENT	/data/sbi/interchange/boliva/patricia/models/TFS_Q99592:409:485_1ubd_C_1.pdb	409-485	3000af89e438c0f732edae90680e7ef6bfb066cf89c8be60b348c1777c28a0e7	A	77	65ad7d8fd7662ccc4aa9adccf1ea919c33ca1f52b5154f3abb9ea1f89cac35f8	77	100.00	100.00	3	100.00	2.16	RECONCILED	PDB protein chain reconciles to the stated reference accession interval.	YES
A0A994J4I4	229	P35711	763	SAME_GENE_MODCRE_SUMMARY_V2_EXPLICIT_ACCESSION	556	624	CANONICAL_DBD_PFAM_WITHIN_MODEL_INTERVAL	PF00505:556-624:HMG (high mobility group) box	763	229	229	100.00	69	3	3	4.35	100.00	224-226	226	226	100.00	HIGH_CONFIDENCE_DBD_ABSENT	/data/sbi/interchange/boliva/patricia/models/TFS_P35711:553:634_1j46_A_1.pdb	553-634	e650412cce38e0f818785072e64d8f7d3421b84f7859f8ae76503212cfb0e833	A	82	9c18c1e6cd8346066459d9e5742227dab0dc349837fd9b47aac6104289915178	82	100.00	100.00	4	100.00	1.75	RECONCILED	PDB protein chain reconciles to the stated reference accession interval.	YES
A0A994J7B2	132	K7ENH8	314	SAME_GENE_MODCRE_SUMMARY_V2_EXPLICIT_ACCESSION	210	262	CANONICAL_DBD_PFAM_WITHIN_MODEL_INTERVAL	PF00010:210-262:Helix-loop-helix DNA-binding domain	314	132	69	52.27	53	22	10	41.51	45.45	99-120	110	59	53.64	UNCERTAIN_MANUAL_REVIEW	/data/sbi/interchange/boliva/patricia/models/TFS_K7ENH8:199:272_2ypb_B_1.pdb	199-272	4b47e237d59ac0d3c8cbbe0c6bb296e5dc2867304079beb9fd1a257975b373d9	B	74	0c89b758071119f5b9019b6108b150552afeb4d5abbbe8edf40c5a7dd0f2bb03	74	100.00	100.00	4	100.00	3.03	RECONCILED	PDB protein chain reconciles to the stated reference accession interval.	YES
A2AB93	149	O15209	634	SAME_GENE_MODCRE_SUMMARY_V2_EXPLICIT_ACCESSION	513	535	CANONICAL_DBD_PFAM_WITHIN_MODEL_INTERVAL	PF00096:513-535:Zinc finger, C2H2 type	634	149	149	100.00	23	1	1	4.35	100.00	143-143	148	148	100.00	HIGH_CONFIDENCE_DBD_ABSENT	/data/sbi/interchange/boliva/patricia/models/TFS_O15209:490:559_1a1f_A_1.pdb	490-559	927ee351fc41cf1d3eae5c78422efc078c4c781e4817db380bd317c0d9b9e128	A	70	f0a4cad56d6f99d7fc4f37a74fc1660cbca99892888c0b5477f52995edc26040	70	100.00	100.00	5	60.00	3.36	RECONCILED	PDB protein chain reconciles to the stated reference accession interval.	YES
A2RRN1	174	Q70SY1	520	SAME_GENE_MODCRE_SUMMARY_V2_EXPLICIT_ACCESSION	292	354	CANONICAL_DBD_PFAM_WITHIN_MODEL_INTERVAL	PF00170:292-354:bZIP transcription factor	520	174	173	99.43	63	2	2	3.17	100.00	166-167	172	171	99.42	HIGH_CONFIDENCE_DBD_ABSENT	/data/sbi/interchange/boliva/patricia/models/TFS_Q70SY1:295:354_1t2k_C_1.pdb	295-354	223464dee64cfdad948ff5f6442d8d8b8f2ac7bd543b82a2a2aed99fc32891eb	A	60	0c54aaa3980b1771271d6e29d977ee78cc9564ad46249a6b3c2dda3e55ae1eec	60	100.00	100.00	4	100.00	2.30	RECONCILED	PDB protein chain reconciles to the stated reference accession interval.	YES
A8MTU8	766	P36956	1147	BLANK_GENE_MAPPING_TO_EXPLICIT_INTERFACE_AUDITED_REFERENCE:clear_from_description	324	374	CANONICAL_DBD_PFAM_WITHIN_MODEL_INTERVAL	PF00010:324-374:Helix-loop-helix DNA-binding domain	1147	766	744	97.13	51	11	8	21.57	72.73	68-78	755	736	97.48	UNCERTAIN_MANUAL_REVIEW	/data/sbi/interchange/boliva/patricia/models/TFS_P36956:316:404_5i50_B_1.pdb	316-404	71565db3d8b7f680cb91b2d472052429bff215f6ee2f244251ac4ea504024dad	A	89	78387c18a89e184ef65531e30946731369d51042ce21eb0dc52c752c6a9fc682	89	100.00	100.00	5	100.00	0.65	RECONCILED	PDB protein chain reconciles to the stated reference accession interval.	YES
B1AKB1	222	A0A7I2YQR9	273	SAME_GENE_MODCRE_SUMMARY_V2_EXPLICIT_ACCESSION	236	265	CANONICAL_DBD_PFAM_WITHIN_MODEL_INTERVAL	PF00010:236-265:Helix-loop-helix DNA-binding domain	273	222	222	100.00	30	3	3	10.00	100.00	219-221	219	219	100.00	HIGH_CONFIDENCE_DBD_ABSENT	/data/sbi/interchange/boliva/patricia/models/TFS_A0A7I2YQR9:232:263_5nj8_B_1.pdb	232-263	68117e4ce12dea1e3a09c022a4d3d94ff56414a72a1670a5b788fe42aae2a312	A	32	9c5b18065b5adc0b15cc1ea9eaff03bc6e4b235b822260592777438e7d171ced	32	100.00	100.00	2	100.00	0.90	RECONCILED	PDB protein chain reconciles to the stated reference accession interval.	YES
B3KU95	248	O43364	376	BLANK_GENE_MAPPING_TO_REVIEWED_CANONICAL_ACCESSION:clear_from_description	144	200	CANONICAL_DBD_PFAM_WITHIN_MODEL_INTERVAL	PF00046:144-200:Homeodomain	377	247	182	73.68	57	24	8	42.11	33.33	134-157	223	174	78.03	UNCERTAIN_MANUAL_REVIEW	/data/sbi/interchange/boliva/patricia/models/TFS_O43364:144:205_1ahd_P_1.pdb	144-205	98ad1ce42732c25b3ec2e401646e9f395425a89d227d720872ff7157a8972864	A	62	0d13f529937bf8ac57b9b903dcd53bc6d8847363b5bd467752c44e405de1f0ac	62	100.00	100.00	3	100.00	1.21	RECONCILED	PDB protein chain reconciles to the stated reference accession interval.	YES
B4DHE0	203	P52630	851	BLANK_GENE_MAPPING_TO_EXPLICIT_INTERFACE_AUDITED_REFERENCE:clear_from_description	321	456	CANONICAL_DBD_PFAM_WITHIN_MODEL_INTERVAL	PF02864:321-456:STAT protein, DNA binding domain	851	203	203	100.00	136	6	6	4.41	100.00	186-191	197	197	100.00	HIGH_CONFIDENCE_DBD_ABSENT	/data/sbi/interchange/boliva/patricia/models/TFS_P52630:141:678_1bf5_A_1.pdb	141-678	d3e458d2d038b1e6b31f156c8d57ea224f6852a6b2404c98155be261ef2be051	A	538	eb6fb4a58821cecad0e7f8404621b838fc812052d0bc67025885b2a5db7acf36	538	100.00	100.00	43	100.00	21.18	RECONCILED	PDB protein chain reconciles to the stated reference accession interval.	YES
B4DL38	261	A0A8I5KYI5	489	BLANK_GENE_MAPPING_TO_EXPLICIT_INTERFACE_AUDITED_REFERENCE:clear_from_description	353	433	CANONICAL_DBD_PFAM_WITHIN_MODEL_INTERVAL	PF00096:353-377:Zinc finger, C2H2 type;PF00096:383-405:Zinc finger, C2H2 type;PF00096:411-433:Zinc finger, C2H2 type	489	261	250	95.79	81	10	10	12.35	100.00	248-257	251	240	95.62	UNCERTAIN_MANUAL_REVIEW	/data/sbi/interchange/boliva/patricia/models/TFS_A0A8I5KYI5:350:435_4r2a_A_1.pdb	350-435	03ed0cd6d64c6542752fc5deac3e71c3cbabf027aa6f4c2419baf31d6474d34a	A	86	5f6237fb5116358b5cba386d6536b5eb07da43505a863409605761337b698953	86	100.00	100.00	4	100.00	1.53	RECONCILED	PDB protein chain reconciles to the stated reference accession interval.	YES
B4DNX4	200	P18146	543	BLANK_GENE_MAPPING_TO_REVIEWED_CANONICAL_ACCESSION:clear_from_description	338	418	CANONICAL_DBD_PFAM_WITHIN_MODEL_INTERVAL	PF00096:338-362:Zinc finger, C2H2 type;PF00096:368-390:Zinc finger, C2H2 type;PF00096:396-418:Zinc finger, C2H2 type	543	200	200	100.00	81	3	3	3.70	100.00	142-144	197	197	100.00	HIGH_CONFIDENCE_DBD_ABSENT	/data/sbi/interchange/boliva/patricia/models/TFS_P18146:335:421_4r2d_A_1.pdb	335-421	1534b82c5ba75f7cdd902ab026efece83746e2e6bc07b857dac7c1a74f0fe50e	A	87	be87efbf036683356a47a621091f57001643873b256cc0556b6d84b569b7ef0e	87	100.00	100.00	5	80.00	2.50	RECONCILED	PDB protein chain reconciles to the stated reference accession interval.	YES
B4DVG0	232	P18146	543	BLANK_GENE_MAPPING_TO_REVIEWED_CANONICAL_ACCESSION:clear_from_description	338	418	CANONICAL_DBD_PFAM_WITHIN_MODEL_INTERVAL	PF00096:338-362:Zinc finger, C2H2 type;PF00096:368-390:Zinc finger, C2H2 type;PF00096:396-418:Zinc finger, C2H2 type	543	232	231	99.57	81	7	7	8.64	100.00	223-229	225	224	99.56	HIGH_CONFIDENCE_DBD_ABSENT	/data/sbi/interchange/boliva/patricia/models/TFS_P18146:335:421_4r2d_A_1.pdb	335-421	1534b82c5ba75f7cdd902ab026efece83746e2e6bc07b857dac7c1a74f0fe50e	A	87	be87efbf036683356a47a621091f57001643873b256cc0556b6d84b569b7ef0e	87	100.00	100.00	5	80.00	2.16	RECONCILED	PDB protein chain reconciles to the stated reference accession interval.	YES
B4DW78	300	P14921	441	BLANK_GENE_MAPPING_TO_REVIEWED_CANONICAL_ACCESSION:clear_from_description	335	415	CANONICAL_DBD_PFAM_WITHIN_MODEL_INTERVAL	PF00178:335-415:Ets-domain	441	300	300	100.00	81	3	3	3.70	100.00	295-297	297	297	100.00	HIGH_CONFIDENCE_DBD_ABSENT	/data/sbi/interchange/boliva/patricia/models/TFS_P14921:302:439_3mfk_A_1.pdb	302-439	5ece12d3a953a15409814594d41c1fb8a4b39386b5e7bb89e7cd1c8bea69a316	B	138	2f19a0c82079e4093eba50feea0b0ca72dfdb45918b9ba71037dc2f37feee815	138	100.00	100.00	4	100.00	1.33	RECONCILED	PDB protein chain reconciles to the stated reference accession interval.	YES
B4E1B1	210	Q92985	503	SAME_GENE_MODCRE_SUMMARY_V2_EXPLICIT_ACCESSION	14	124	CANONICAL_DBD_PFAM_WITHIN_MODEL_INTERVAL	PF00605:14-124:Interferon regulatory factor transcription factor	503	210	210	100.00	111	0	0	0.00	0.00		210	210	100.00	HIGH_CONFIDENCE_DBD_ABSENT	/data/sbi/interchange/boliva/patricia/models/TFS_Q92985:17:122_1t2k_A_1.pdb	17-122	b84a32613ce402c6abcd7eaee8f8b3153cd07f7cd55d7fbefafb52498f12d465	A	106	8385abe676b7ebc13ab3704f2cd1d16b29e15f050e0495c225ae06b82c59a079	106	100.00	100.00	4	100.00	1.90	RECONCILED	PDB protein chain reconciles to the stated reference accession interval.	YES
B4E2G3	202	Q8TEY5	395	BLANK_GENE_MAPPING_TO_EXPLICIT_INTERFACE_AUDITED_REFERENCE:clear_from_description	215	273	CANONICAL_DBD_PFAM_WITHIN_MODEL_INTERVAL	PF00170:215-273:bZIP transcription factor	395	202	177	87.62	59	8	6	13.56	75.00	150-157	194	171	88.14	UNCERTAIN_MANUAL_REVIEW	/data/sbi/interchange/boliva/patricia/models/TFS_Q8TEY5:218:259_1t2k_C_1.pdb	218-259	ab1e82058fc715772271bca9bf704fb5d3ea6744d0b00667d0c5483f40bcae72	A	42	fa026ff7320157a9cc308ed887b79362d1fae2e8e4e64cd5f453da47af365b89	42	100.00	100.00	5	80.00	2.48	RECONCILED	PDB protein chain reconciles to the stated reference accession interval.	YES
B4E2U7	577	Q16665	826	BLANK_GENE_MAPPING_TO_REVIEWED_CANONICAL_ACCESSION:clear_from_description	1	80	CANONICAL_DBD_PFAM_WITHIN_MODEL_INTERVAL	PF23171:1-80:Hypoxia-inducible factor 1-alpha bHLH domain	826	577	577	100.00	80	0	0	0.00	0.00		577	577	100.00	HIGH_CONFIDENCE_DBD_ABSENT	/data/sbi/interchange/boliva/patricia/models/TFS_Q16665:11:358_4zpk_B_1.pdb	11-358	0fcaff3100d6279f69833fb0102c4b0f76674ac0302a4cfae9c7dd4034e9a7f1	A	348	4a3ea114db5b0f91d473eb6031f1d41803953aa1a024bf1b98ff8dbe7950d874	348	100.00	100.00	109	100.00	18.89	RECONCILED	PDB protein chain reconciles to the stated reference accession interval.	YES
B4E374	170	P03372	595	BLANK_GENE_MAPPING_TO_REVIEWED_CANONICAL_ACCESSION:clear_from_description	184	252	CANONICAL_DBD_PFAM_WITHIN_MODEL_INTERVAL	PF00105:184-252:Double treble clef zinc finger, C4 type	595	170	168	98.82	69	0	0	0.00	0.00		170	168	98.82	HIGH_CONFIDENCE_DBD_ABSENT	/data/sbi/interchange/boliva/patricia/models/TFS_P03372:183:263_1lo1_A_1.pdb	183-263	23ed8ec461dc45e432e48ab2afa64759888d90a7b15d1fe7017daff7b36ae0f2	A	80	6db1062283553f888d9a7b606459c4c860b3322abe092fcff93ca37dc98faa39	80	100.00	100.00	6	71.43	3.53	RECONCILED	PDB protein chain reconciles to the stated reference accession interval.	YES
B5MCD3	246	P35452	270	SAME_GENE_MODCRE_SUMMARY_V2_EXPLICIT_ACCESSION	203	259	CANONICAL_DBD_PFAM_WITHIN_MODEL_INTERVAL	PF00046:203-259:Homeodomain	273	243	212	87.24	57	38	15	66.67	39.47	203-243	205	197	96.10	UNCERTAIN_MANUAL_REVIEW	/data/sbi/interchange/boliva/patricia/models/TFS_P35452:203:259_5zjr_A_1.pdb	203-259	773e2d612a04f18c8c0e63ecd354c49d0e5ba01394d0b9cb69caaf80fa8615c6	A	57	314704959a086087a2940c28d7df24607ab3e02909df387c51e9c51a2da9bfbc	57	100.00	100.00	8	62.50	3.25	RECONCILED	PDB protein chain reconciles to the stated reference accession interval.	YES
B7Z5Z3	509	P35711	763	BLANK_GENE_MAPPING_TO_EXPLICIT_INTERFACE_AUDITED_REFERENCE:clear_from_description	556	624	CANONICAL_DBD_PFAM_WITHIN_MODEL_INTERVAL	PF00505:556-624:HMG (high mobility group) box	763	509	503	98.82	69	4	4	5.80	100.00	490-493	505	499	98.81	HIGH_CONFIDENCE_DBD_ABSENT	/data/sbi/interchange/boliva/patricia/models/TFS_P35711:553:634_1j46_A_1.pdb	553-634	e650412cce38e0f818785072e64d8f7d3421b84f7859f8ae76503212cfb0e833	A	82	9c18c1e6cd8346066459d9e5742227dab0dc349837fd9b47aac6104289915178	82	100.00	100.00	4	100.00	0.79	RECONCILED	PDB protein chain reconciles to the stated reference accession interval.	YES
B7Z8F5	510	P48378	723	BLANK_GENE_MAPPING_TO_REVIEWED_CANONICAL_ACCESSION:clear_from_description	199	273	CANONICAL_DBD_PFAM_COORDINATES	PF02257:199-273:RFX DNA-binding domain	723	510	509	99.80	75	15	14	20.00	93.33	46-60	495	495	100.00	UNCERTAIN_MANUAL_REVIEW					0		0	0.00	0.00	0	0.00	0.00	NOT_APPLICABLE		YES
C9J5U3	111	H7C4S2	454	SAME_GENE_MODCRE_SUMMARY_V2_EXPLICIT_ACCESSION	423	450	MODEL_INTERVAL_FALLBACK_UNREVIEWED	MODEL_INTERVAL:423-450	462	103	103	100.00	28	1	1	3.57	100.00	111-111	102	102	100.00	HIGH_CONFIDENCE_DBD_ABSENT	/data/sbi/interchange/boliva/patricia/models/TFS_H7C4S2:423:450_2gzk_A_1.pdb	423-450	7de60d530b2c7b2b779fa95bea503cc475c163ec60a06e829ced845bd379986d	A	28	e17ecfddb71ee1174f181e94cd2fb6eeaf5670a260001e46b64a6e81801fdb87	28	100.00	100.00	4	75.00	3.60	RECONCILED_SHORT_NOT_HIGH_CONFIDENCE	PDB chain alignment is shorter than 30 residues and is excluded from high-confidence evidence.	YES
C9J682	135	B7ZKJ5	844	SAME_GENE_MODCRE_SUMMARY_V2_EXPLICIT_ACCESSION	587	780	CANONICAL_DBD_PFAM_WITHIN_MODEL_INTERVAL	PF00096:587-609:Zinc finger, C2H2 type;PF13909:615-640:C2H2-type zinc-finger domain;PF00096:701-723:Zinc finger, C2H2 type;PF00096:758-780:Zinc finger, C2H2 type	844	135	135	100.00	194	13	13	6.70	100.00	122-134	122	122	100.00	HIGH_CONFIDENCE_DBD_ABSENT	/data/sbi/interchange/boliva/patricia/models/TFS_B7ZKJ5:553:837_5wjq_D_1.pdb	553-837	9b5521c29e0e266769b318fcaf92dfb57c6d44043db59a788462ec991ff4fa1e	A	285	062cfd0dcab8335f9650e4d55a0dd19f7293a1914b281aba5ef8e3dc7d2328e9	285	100.00	100.00	7	71.43	5.19	RECONCILED	PDB protein chain reconciles to the stated reference accession interval.	YES
C9J845	157	O75030	526	SAME_GENE_MODCRE_SUMMARY_V2_EXPLICIT_ACCESSION	312	365	CANONICAL_DBD_PFAM_WITHIN_MODEL_INTERVAL	PF00010:312-365:Helix-loop-helix DNA-binding domain	526	157	157	100.00	54	2	2	3.70	100.00	150-151	155	155	100.00	HIGH_CONFIDENCE_DBD_ABSENT	/data/sbi/interchange/boliva/patricia/models/TFS_O75030:308:363_4h10_B_1.pdb	308-363	c8ce65a1a080c10c58d21f2618b02a93ddbec8ac12287066fb14052696504895	B	56	411d27ba964915c51356bc39a44aa703e192b56314e7b27ee1aefd85379346c6	54	100.00	96.43	3	100.00	1.91	RECONCILED	PDB protein chain reconciles to the stated reference accession interval.	YES
C9J8V6	108	H7C4S2	454	SAME_GENE_MODCRE_SUMMARY_V2_EXPLICIT_ACCESSION	423	450	MODEL_INTERVAL_FALLBACK_UNREVIEWED	MODEL_INTERVAL:423-450	462	100	100	100.00	28	1	1	3.57	100.00	108-108	99	99	100.00	HIGH_CONFIDENCE_DBD_ABSENT	/data/sbi/interchange/boliva/patricia/models/TFS_H7C4S2:423:450_2gzk_A_1.pdb	423-450	7de60d530b2c7b2b779fa95bea503cc475c163ec60a06e829ced845bd379986d	A	28	e17ecfddb71ee1174f181e94cd2fb6eeaf5670a260001e46b64a6e81801fdb87	28	100.00	100.00	4	75.00	3.70	RECONCILED_SHORT_NOT_HIGH_CONFIDENCE	PDB chain alignment is shorter than 30 residues and is excluded from high-confidence evidence.	YES
C9JAW1	70	H7C4S2	454	SAME_GENE_MODCRE_SUMMARY_V2_EXPLICIT_ACCESSION	423	450	MODEL_INTERVAL_FALLBACK_UNREVIEWED	MODEL_INTERVAL:423-450	462	62	62	100.00	28	2	2	7.14	100.00	69-70	60	60	100.00	HIGH_CONFIDENCE_DBD_ABSENT	/data/sbi/interchange/boliva/patricia/models/TFS_H7C4S2:423:450_2gzk_A_1.pdb	423-450	7de60d530b2c7b2b779fa95bea503cc475c163ec60a06e829ced845bd379986d	A	28	e17ecfddb71ee1174f181e94cd2fb6eeaf5670a260001e46b64a6e81801fdb87	28	100.00	100.00	2	100.00	2.86	RECONCILED_SHORT_NOT_HIGH_CONFIDENCE	PDB chain alignment is shorter than 30 residues and is excluded from high-confidence evidence.	YES
C9JPH0	185	Q70SY1	520	SAME_GENE_MODCRE_SUMMARY_V2_EXPLICIT_ACCESSION	292	354	CANONICAL_DBD_PFAM_WITHIN_MODEL_INTERVAL	PF00170:292-354:bZIP transcription factor	520	185	169	91.35	63	14	10	22.22	71.43	140-153	171	159	92.98	UNCERTAIN_MANUAL_REVIEW	/data/sbi/interchange/boliva/patricia/models/TFS_Q70SY1:295:354_1t2k_C_1.pdb	295-354	223464dee64cfdad948ff5f6442d8d8b8f2ac7bd543b82a2a2aed99fc32891eb	A	60	0c54aaa3980b1771271d6e29d977ee78cc9564ad46249a6b3c2dda3e55ae1eec	60	100.00	100.00	5	80.00	2.70	RECONCILED	PDB protein chain reconciles to the stated reference accession interval.	YES
C9JQU7	124	H7C4S2	454	SAME_GENE_MODCRE_SUMMARY_V2_EXPLICIT_ACCESSION	423	450	MODEL_INTERVAL_FALLBACK_UNREVIEWED	MODEL_INTERVAL:423-450	462	116	116	100.00	28	1	1	3.57	100.00	124-124	115	115	100.00	HIGH_CONFIDENCE_DBD_ABSENT	/data/sbi/interchange/boliva/patricia/models/TFS_H7C4S2:423:450_2gzk_A_1.pdb	423-450	7de60d530b2c7b2b779fa95bea503cc475c163ec60a06e829ced845bd379986d	A	28	e17ecfddb71ee1174f181e94cd2fb6eeaf5670a260001e46b64a6e81801fdb87	28	100.00	100.00	4	75.00	3.23	RECONCILED_SHORT_NOT_HIGH_CONFIDENCE	PDB chain alignment is shorter than 30 residues and is excluded from high-confidence evidence.	YES
D2KFR9	193	A0A669KB52	636	SAME_GENE_MODCRE_SUMMARY_V2_EXPLICIT_ACCESSION	322	458	CANONICAL_DBD_PFAM_WITHIN_MODEL_INTERVAL	PF02864:322-458:STAT protein, DNA binding domain	636	193	193	100.00	137	4	4	2.92	100.00	185-188	189	189	100.00	HIGH_CONFIDENCE_DBD_ABSENT	/data/sbi/interchange/boliva/patricia/models/TFS_A0A669KB52:136:624_1bf5_A_1.pdb	136-624	f3533d569be0e66e15c522f7d38e017dc3e83aa7691b7a96503665e942cfa0bf	A	489	be11faa5697aab933262cb2a4ce317f66812075a12c033aadba92eb51369e114	489	100.00	100.00	45	100.00	23.32	RECONCILED	PDB protein chain reconciles to the stated reference accession interval.	YES
D6RAB1	173	Q9UJU2	399	SAME_GENE_MODCRE_SUMMARY_V2_EXPLICIT_ACCESSION	299	367	CANONICAL_DBD_PFAM_WITHIN_MODEL_INTERVAL	PF00505:299-367:HMG (high mobility group) box	399	173	173	100.00	69	3	3	4.35	100.00	169-171	170	170	100.00	HIGH_CONFIDENCE_DBD_ABSENT	/data/sbi/interchange/boliva/patricia/models/TFS_Q9UJU2:297:366_4s2q_D_1.pdb	297-366	652d19c72403682591ffd2ed31b8c0d46102aa9bf1aa01ed65b1d4d4ae5893c1	A	70	6c1ded0405b23d5a1c581a5f4d02453d3ed0523e96255ac4b025bf40687e3733	70	100.00	100.00	4	75.00	2.31	RECONCILED	PDB protein chain reconciles to the stated reference accession interval.	YES
D6RID7	133	Q9UJU2	399	SAME_GENE_MODCRE_SUMMARY_V2_EXPLICIT_ACCESSION	299	367	CANONICAL_DBD_PFAM_WITHIN_MODEL_INTERVAL	PF00505:299-367:HMG (high mobility group) box	399	133	105	78.95	69	12	9	17.39	75.00	98-109	121	96	79.34	UNCERTAIN_MANUAL_REVIEW	/data/sbi/interchange/boliva/patricia/models/TFS_Q9UJU2:297:366_4s2q_D_1.pdb	297-366	652d19c72403682591ffd2ed31b8c0d46102aa9bf1aa01ed65b1d4d4ae5893c1	A	70	6c1ded0405b23d5a1c581a5f4d02453d3ed0523e96255ac4b025bf40687e3733	70	100.00	100.00	4	75.00	3.01	RECONCILED	PDB protein chain reconciles to the stated reference accession interval.	YES
D6RIV1	145	Q9UJU2	399	SAME_GENE_MODCRE_SUMMARY_V2_EXPLICIT_ACCESSION	299	367	CANONICAL_DBD_PFAM_WITHIN_MODEL_INTERVAL	PF00505:299-367:HMG (high mobility group) box	399	145	145	100.00	69	4	4	5.80	100.00	142-145	141	141	100.00	HIGH_CONFIDENCE_DBD_ABSENT	/data/sbi/interchange/boliva/patricia/models/TFS_Q9UJU2:297:366_4s2q_D_1.pdb	297-366	652d19c72403682591ffd2ed31b8c0d46102aa9bf1aa01ed65b1d4d4ae5893c1	A	70	6c1ded0405b23d5a1c581a5f4d02453d3ed0523e96255ac4b025bf40687e3733	70	100.00	100.00	4	75.00	2.76	RECONCILED	PDB protein chain reconciles to the stated reference accession interval.	YES
E0ZS57	114	Q10587	303	SAME_GENE_MODCRE_SUMMARY_V2_EXPLICIT_ACCESSION	232	285	CANONICAL_DBD_PFAM_WITHIN_MODEL_INTERVAL	PF07716:232-285:Basic region leucine zipper	308	109	109	100.00	54	3	3	5.56	100.00	110-112	106	106	100.00	HIGH_CONFIDENCE_DBD_ABSENT	/data/sbi/interchange/boliva/patricia/models/TFS_Q10587:230:292_1gtw_B_1.pdb	230-292	3d7b5ece80b5fbaf9f6a39477f6033bbe11d15027032a010f968ac535548b041	A	63	4ec66fdd5dfefbf2c646b14837d6c349dfcb0b571c19f8df734cd8c6c17e7691	63	100.00	100.00	4	100.00	3.51	RECONCILED	PDB protein chain reconciles to the stated reference accession interval.	YES
E5RG75	147	E5RHL1	143	SAME_GENE_MODCRE_SUMMARY_V2_EXPLICIT_ACCESSION	127	139	MODEL_INTERVAL_FALLBACK_UNREVIEWED	MODEL_INTERVAL:127-139	168	122	118	96.72	13	0	0	0.00	0.00		122	118	96.72	HIGH_CONFIDENCE_DBD_ABSENT	/data/sbi/interchange/boliva/patricia/models/TFS_E5RHL1:127:139_4euw_A_1.pdb	127-139	42a94864e1a84cb4f0d4c7a2f95612309fc9fa5360fba082bd41d4efe92a5067	A	13	288ffffed32249e2ac649a6f592d704363d2aeef059a407573f0a690ed27fed8	13	100.00	100.00	4	75.00	2.72	RECONCILED_SHORT_NOT_HIGH_CONFIDENCE	PDB chain alignment is shorter than 30 residues and is excluded from high-confidence evidence.	YES
E5RJ51	122	E5RHL1	143	SAME_GENE_MODCRE_SUMMARY_V2_EXPLICIT_ACCESSION	127	139	MODEL_INTERVAL_FALLBACK_UNREVIEWED	MODEL_INTERVAL:127-139	168	97	93	95.88	13	0	0	0.00	0.00		97	93	95.88	HIGH_CONFIDENCE_DBD_ABSENT	/data/sbi/interchange/boliva/patricia/models/TFS_E5RHL1:127:139_4euw_A_1.pdb	127-139	42a94864e1a84cb4f0d4c7a2f95612309fc9fa5360fba082bd41d4efe92a5067	A	13	288ffffed32249e2ac649a6f592d704363d2aeef059a407573f0a690ed27fed8	13	100.00	100.00	4	75.00	3.28	RECONCILED_SHORT_NOT_HIGH_CONFIDENCE	PDB chain alignment is shorter than 30 residues and is excluded from high-confidence evidence.	YES
E7EU07	97	Q4W4C7	280	SAME_GENE_MODCRE_SUMMARY_V2_EXPLICIT_ACCESSION	124	190	CANONICAL_DBD_PFAM_WITHIN_MODEL_INTERVAL	PF00105:124-190:Double treble clef zinc finger, C4 type	280	97	97	100.00	67	2	2	2.99	100.00	92-93	95	95	100.00	HIGH_CONFIDENCE_DBD_ABSENT	/data/sbi/interchange/boliva/patricia/models/TFS_Q4W4C7:121:201_1a6y_B_1.pdb	121-201	cfcad351e1dc61776aad8542fa412d5eab171c06e5fe87443c090a7839270631	B	74	0c4f8395392f61de6f905227fb94495f6df867bcbed863d50f38d6cb7b0768cc	74	100.00	100.00	3	100.00	3.09	RECONCILED	PDB protein chain reconciles to the stated reference accession interval.	YES
E9PKB7	330	H0YE88	426	SAME_GENE_MODCRE_SUMMARY_V2_EXPLICIT_ACCESSION	32	98	CANONICAL_DBD_PFAM_WITHIN_MODEL_INTERVAL	PF01285:32-98:TEA/ATTS domain	426	330	325	98.48	67	9	5	13.43	55.56	3-11	321	320	99.69	UNCERTAIN_MANUAL_REVIEW	/data/sbi/interchange/boliva/patricia/models/TFS_H0YE88:31:104_5nnx_A_1.pdb	31-104	130e9796e11c9fd0884382153965087fc30c8c6ba6174fb2ad236c8dd46548da	A	74	f484f3688f6bbfb602ff56218a7dc8642a4ec0c02ff683aead68a460b7e2efe5	74	100.00	100.00	3	100.00	0.91	RECONCILED	PDB protein chain reconciles to the stated reference accession interval.	YES
E9PL67	100	Q9BQA5	517	SAME_GENE_MODCRE_SUMMARY_V2_EXPLICIT_ACCESSION	229	368	CANONICAL_DBD_PFAM_WITHIN_MODEL_INTERVAL	PF13894:229-251:C2H2-type zinc finger;PF00096:255-278:Zinc finger, C2H2 type;PF00096:345-368:Zinc finger, C2H2 type	517	100	100	100.00	140	13	13	9.29	100.00	84-96	87	87	100.00	HIGH_CONFIDENCE_DBD_ABSENT	/data/sbi/interchange/boliva/patricia/models/TFS_Q9BQA5:174:365_5wjq_D_1.pdb	174-365	1a5bc9cc67ae9401ca23a21f114a014bc0c061672137dcb66763e7c8a4b322c9	A	192	72f8fac845620e521e9bbf95e57f70ed2bc45d56c571f89f083ba3595b3394ab	192	100.00	100.00	5	80.00	5.00	RECONCILED	PDB protein chain reconciles to the stated reference accession interval.	YES
E9PN75	166	Q9NZC4	300	SAME_GENE_MODCRE_SUMMARY_V2_EXPLICIT_ACCESSION	207	288	CANONICAL_DBD_PFAM_WITHIN_MODEL_INTERVAL	PF00178:207-288:Ets-domain	300	166	166	100.00	82	4	4	4.88	100.00	162-165	162	162	100.00	HIGH_CONFIDENCE_DBD_ABSENT	/data/sbi/interchange/boliva/patricia/models/TFS_Q9NZC4:206:299_3jtg_A_1.pdb	206-299	8b6170fd856ef625e641fb06fbe1f7b8d264cef56b2218da88f590a3021f4c04	A	94	b9ab4cf75bebc01ac0906530893c1988fdf427735cc9eed69bd891a7b802e49f	94	100.00	100.00	3	100.00	1.81	RECONCILED	PDB protein chain reconciles to the stated reference accession interval.	YES
E9PPS9	126	Q9NZC4	300	SAME_GENE_MODCRE_SUMMARY_V2_EXPLICIT_ACCESSION	207	288	CANONICAL_DBD_PFAM_WITHIN_MODEL_INTERVAL	PF00178:207-288:Ets-domain	300	126	124	98.41	82	3	3	3.66	100.00	122-124	123	121	98.37	HIGH_CONFIDENCE_DBD_ABSENT	/data/sbi/interchange/boliva/patricia/models/TFS_Q9NZC4:206:299_3jtg_A_1.pdb	206-299	8b6170fd856ef625e641fb06fbe1f7b8d264cef56b2218da88f590a3021f4c04	A	94	b9ab4cf75bebc01ac0906530893c1988fdf427735cc9eed69bd891a7b802e49f	94	100.00	100.00	3	100.00	2.38	RECONCILED	PDB protein chain reconciles to the stated reference accession interval.	YES
E9PQA2	105	H0YD59	165	SAME_GENE_MODCRE_SUMMARY_V2_EXPLICIT_ACCESSION	67	101	CANONICAL_DBD_PFAM_WITHIN_MODEL_INTERVAL	PF00010:67-101:Helix-loop-helix DNA-binding domain	166	104	35	33.65	35	14	5	40.00	35.71	50-63	90	30	33.33	UNCERTAIN_MANUAL_REVIEW	/data/sbi/interchange/boliva/patricia/models/TFS_H0YD59:63:102_4h10_A_1.pdb	63-102	3193b8d5c8f7e13477d05e1740f47488fa1ac013eb63cc0bbc2660c5a1d469f2	A	40	8a573c3224ce3362a8ec032f581832baa47d3c4bd0ac4e9ad7d513664b9eb424	40	100.00	100.00	2	100.00	1.90	RECONCILED	PDB protein chain reconciles to the stated reference accession interval.	YES
E9PQR6	173	Q9NZC4	300	SAME_GENE_MODCRE_SUMMARY_V2_EXPLICIT_ACCESSION	207	288	CANONICAL_DBD_PFAM_WITHIN_MODEL_INTERVAL	PF00178:207-288:Ets-domain	300	173	173	100.00	82	3	3	3.66	100.00	171-173	170	170	100.00	HIGH_CONFIDENCE_DBD_ABSENT	/data/sbi/interchange/boliva/patricia/models/TFS_Q9NZC4:206:299_3jtg_A_1.pdb	206-299	8b6170fd856ef625e641fb06fbe1f7b8d264cef56b2218da88f590a3021f4c04	A	94	b9ab4cf75bebc01ac0906530893c1988fdf427735cc9eed69bd891a7b802e49f	94	100.00	100.00	3	100.00	1.73	RECONCILED	PDB protein chain reconciles to the stated reference accession interval.	YES
E9PQX0	158	Q9NZC4	300	SAME_GENE_MODCRE_SUMMARY_V2_EXPLICIT_ACCESSION	207	288	CANONICAL_DBD_PFAM_WITHIN_MODEL_INTERVAL	PF00178:207-288:Ets-domain	300	158	158	100.00	82	4	4	4.88	100.00	155-158	154	154	100.00	HIGH_CONFIDENCE_DBD_ABSENT	/data/sbi/interchange/boliva/patricia/models/TFS_Q9NZC4:206:299_3jtg_A_1.pdb	206-299	8b6170fd856ef625e641fb06fbe1f7b8d264cef56b2218da88f590a3021f4c04	A	94	b9ab4cf75bebc01ac0906530893c1988fdf427735cc9eed69bd891a7b802e49f	94	100.00	100.00	3	100.00	1.90	RECONCILED	PDB protein chain reconciles to the stated reference accession interval.	YES
F5GWL1	144	P35711	763	SAME_GENE_MODCRE_SUMMARY_V2_EXPLICIT_ACCESSION	556	624	CANONICAL_DBD_PFAM_WITHIN_MODEL_INTERVAL	PF00505:556-624:HMG (high mobility group) box	763	144	144	100.00	69	5	5	7.25	100.00	134-138	139	139	100.00	HIGH_CONFIDENCE_DBD_ABSENT	/data/sbi/interchange/boliva/patricia/models/TFS_P35711:553:634_1j46_A_1.pdb	553-634	e650412cce38e0f818785072e64d8f7d3421b84f7859f8ae76503212cfb0e833	A	82	9c18c1e6cd8346066459d9e5742227dab0dc349837fd9b47aac6104289915178	82	100.00	100.00	4	100.00	2.78	RECONCILED	PDB protein chain reconciles to the stated reference accession interval.	YES
G3V0H1	128	P35711	763	SAME_GENE_MODCRE_SUMMARY_V2_EXPLICIT_ACCESSION	556	624	CANONICAL_DBD_PFAM_WITHIN_MODEL_INTERVAL	PF00505:556-624:HMG (high mobility group) box	763	128	128	100.00	69	7	7	10.14	100.00	112-118	121	121	100.00	UNCERTAIN_MANUAL_REVIEW	/data/sbi/interchange/boliva/patricia/models/TFS_P35711:553:634_1j46_A_1.pdb	553-634	e650412cce38e0f818785072e64d8f7d3421b84f7859f8ae76503212cfb0e833	A	82	9c18c1e6cd8346066459d9e5742227dab0dc349837fd9b47aac6104289915178	82	100.00	100.00	4	100.00	3.12	RECONCILED	PDB protein chain reconciles to the stated reference accession interval.	YES
G3V289	170	P01100	380	SAME_GENE_MODCRE_SUMMARY_V2_EXPLICIT_ACCESSION	135	194	CANONICAL_DBD_PFAM_WITHIN_MODEL_INTERVAL	PF00170:135-194:bZIP transcription factor	380	170	157	92.35	60	7	4	11.67	57.14	132-138	163	153	93.87	UNCERTAIN_MANUAL_REVIEW	/data/sbi/interchange/boliva/patricia/models/TFS_P01100:135:193_2e42_B_1.pdb	135-193	724042a7f86ae12209af55929cd2c64c57b73dedefe5387c2f119874084884dc	B	59	e18ae363b1c4aee8c813434be458ff3e85c739197d01b14c56cf7b3afc98e3e8	59	100.00	100.00	4	75.00	2.35	RECONCILED	PDB protein chain reconciles to the stated reference accession interval.	YES
G3V302	97	Q8TAX8	151	SAME_GENE_MODCRE_SUMMARY_V2_EXPLICIT_ACCESSION	15	65	CANONICAL_DBD_PFAM_WITHIN_MODEL_INTERVAL	PF00010:15-65:Helix-loop-helix DNA-binding domain	151	97	77	79.38	51	25	13	49.02	52.00	9-33	72	64	88.89	UNCERTAIN_MANUAL_REVIEW	/data/sbi/interchange/boliva/patricia/models/TFS_Q8TAX8:10:75_1am9_A_1.pdb	10-75	89411b37ddb400c18facca5f9b871c89467d4d285fdcfa0cdae6a2e2164c25f9	B	66	65be2acceff145da8accc857ce03ff48a5b6cf05352009ac5082fc8278d675aa	66	100.00	100.00	14	56.25	14.43	RECONCILED	PDB protein chain reconciles to the stated reference accession interval.	YES
H0Y797	184	Q10587	303	SAME_GENE_MODCRE_SUMMARY_V2_EXPLICIT_ACCESSION	232	285	CANONICAL_DBD_PFAM_WITHIN_MODEL_INTERVAL	PF07716:232-285:Basic region leucine zipper	303	184	174	94.57	54	0	0	0.00	0.00		184	174	94.57	HIGH_CONFIDENCE_DBD_ABSENT	/data/sbi/interchange/boliva/patricia/models/TFS_Q10587:230:292_1gtw_B_1.pdb	230-292	3d7b5ece80b5fbaf9f6a39477f6033bbe11d15027032a010f968ac535548b041	A	63	4ec66fdd5dfefbf2c646b14837d6c349dfcb0b571c19f8df734cd8c6c17e7691	63	100.00	100.00	8	75.00	4.35	RECONCILED	PDB protein chain reconciles to the stated reference accession interval.	YES
H0Y7E5	257	Q12772	1141	SAME_GENE_MODCRE_SUMMARY_V2_EXPLICIT_ACCESSION	331	381	CANONICAL_DBD_PFAM_WITHIN_MODEL_INTERVAL	PF00010:331-381:Helix-loop-helix DNA-binding domain	1141	257	186	72.37	51	9	6	17.65	66.67	65-73	248	180	72.58	UNCERTAIN_MANUAL_REVIEW	/data/sbi/interchange/boliva/patricia/models/TFS_Q12772:323:398_1hlo_A_1.pdb	323-398	104815a5c316cb942491b15950abe2ceb780c0a8836be40684b363969ad5deab	B	76	0779a5da8a3d188064617e4ae5a970ccf546beadafa643d45db72c6c2452cf19	76	100.00	100.00	4	100.00	1.56	RECONCILED	PDB protein chain reconciles to the stated reference accession interval.	YES
H0YG25	88	A0A0S2Z3C9	452	SAME_GENE_MODCRE_SUMMARY_V2_EXPLICIT_ACCESSION	341	420	CANONICAL_DBD_PFAM_WITHIN_MODEL_INTERVAL	PF00178:341-420:Ets-domain	452	88	88	100.00	80	6	6	7.50	100.00	82-87	82	82	100.00	HIGH_CONFIDENCE_DBD_ABSENT	/data/sbi/interchange/boliva/patricia/models/TFS_A0A0S2Z3C9:339:428_4mhg_A_1.pdb	339-428	96ccdb0db2113285c805e110fccae45493b67146e95efdcc923f0167ee39361b	A	90	41d81c31ea648f026915834023659ab7fb33cb212b9ee4273f888980ca21efb4	90	100.00	100.00	4	100.00	4.55	RECONCILED	PDB protein chain reconciles to the stated reference accession interval.	YES
H0YGT3	198	F5H0E9	162	SAME_GENE_MODCRE_SUMMARY_V2_EXPLICIT_ACCESSION	1	19	MODEL_INTERVAL_FALLBACK_UNREVIEWED	MODEL_INTERVAL:1-19	218	142	68	47.89	19	0	0	0.00	0.00		142	68	47.89	UNCERTAIN_MANUAL_REVIEW	/data/sbi/interchange/boliva/patricia/models/TFS_F5H0E9:1:19_1lo1_A_1.pdb	1-19	5f81737b942e3bb6242de7680b4c202d9ebc036d88688f361db19c665fea3578	A	19	d7c1b78e00b6b545528d54c2a9f7d3f496a57b868dded26ba0a315e2f39cc283	19	100.00	100.00	6	66.67	3.03	RECONCILED_SHORT_NOT_HIGH_CONFIDENCE	PDB chain alignment is shorter than 30 residues and is excluded from high-confidence evidence.	YES
H0YNG1	198	U3KQ96	262	SAME_GENE_MODCRE_SUMMARY_V2_EXPLICIT_ACCESSION	193	262	CANONICAL_DBD_PFAM_WITHIN_MODEL_INTERVAL	PF00157:193-262:Pou domain - N-terminal to homeobox domain	265	195	63	32.31	70	59	11	84.29	18.64	140-198	136	52	38.24	UNCERTAIN_MANUAL_REVIEW	/data/sbi/interchange/boliva/patricia/models/TFS_U3KQ96:189:262_1e3o_C_1.pdb	189-262	47d52f8f808df558888385c737ce75507a535fdb0d4da8ab502dd936bba0a4b2	A	74	9967add12a0a6b3c367caedb2f691adf2df57c8911ac9272ebdafaa1addb6510	74	100.00	100.00	3	100.00	1.52	RECONCILED	PDB protein chain reconciles to the stated reference accession interval.	YES
I3L0A5	509	P35711	763	SAME_GENE_MODCRE_SUMMARY_V2_EXPLICIT_ACCESSION	556	624	CANONICAL_DBD_PFAM_WITHIN_MODEL_INTERVAL	PF00505:556-624:HMG (high mobility group) box	763	509	504	99.02	69	4	4	5.80	100.00	490-493	505	500	99.01	HIGH_CONFIDENCE_DBD_ABSENT	/data/sbi/interchange/boliva/patricia/models/TFS_P35711:553:634_1j46_A_1.pdb	553-634	e650412cce38e0f818785072e64d8f7d3421b84f7859f8ae76503212cfb0e833	A	82	9c18c1e6cd8346066459d9e5742227dab0dc349837fd9b47aac6104289915178	82	100.00	100.00	4	100.00	0.79	RECONCILED	PDB protein chain reconciles to the stated reference accession interval.	YES
K7ELF3	151	K7ENH8	314	SAME_GENE_MODCRE_SUMMARY_V2_EXPLICIT_ACCESSION	210	262	CANONICAL_DBD_PFAM_WITHIN_MODEL_INTERVAL	PF00010:210-262:Helix-loop-helix DNA-binding domain	314	151	74	49.01	53	20	12	37.74	60.00	105-124	131	62	47.33	UNCERTAIN_MANUAL_REVIEW	/data/sbi/interchange/boliva/patricia/models/TFS_K7ENH8:199:272_2ypb_B_1.pdb	199-272	4b47e237d59ac0d3c8cbbe0c6bb296e5dc2867304079beb9fd1a257975b373d9	B	74	0c89b758071119f5b9019b6108b150552afeb4d5abbbe8edf40c5a7dd0f2bb03	74	100.00	100.00	3	100.00	1.99	RECONCILED	PDB protein chain reconciles to the stated reference accession interval.	YES
K7EMD1	157	P36956	1147	SAME_GENE_MODCRE_SUMMARY_V2_EXPLICIT_ACCESSION	324	374	CANONICAL_DBD_PFAM_WITHIN_MODEL_INTERVAL	PF00010:324-374:Helix-loop-helix DNA-binding domain	1147	157	136	86.62	51	0	0	0.00	0.00		157	136	86.62	HIGH_CONFIDENCE_DBD_ABSENT	/data/sbi/interchange/boliva/patricia/models/TFS_P36956:316:404_5i50_B_1.pdb	316-404	71565db3d8b7f680cb91b2d472052429bff215f6ee2f244251ac4ea504024dad	A	89	78387c18a89e184ef65531e30946731369d51042ce21eb0dc52c752c6a9fc682	89	100.00	100.00	5	83.33	3.18	RECONCILED	PDB protein chain reconciles to the stated reference accession interval.	YES
K7ENI0	95	K7ENH8	314	SAME_GENE_MODCRE_SUMMARY_V2_EXPLICIT_ACCESSION	210	262	CANONICAL_DBD_PFAM_WITHIN_MODEL_INTERVAL	PF00010:210-262:Helix-loop-helix DNA-binding domain	314	95	55	57.89	53	10	6	18.87	60.00	73-82	85	49	57.65	UNCERTAIN_MANUAL_REVIEW	/data/sbi/interchange/boliva/patricia/models/TFS_K7ENH8:199:272_2ypb_B_1.pdb	199-272	4b47e237d59ac0d3c8cbbe0c6bb296e5dc2867304079beb9fd1a257975b373d9	B	74	0c89b758071119f5b9019b6108b150552afeb4d5abbbe8edf40c5a7dd0f2bb03	74	100.00	100.00	3	100.00	3.16	RECONCILED	PDB protein chain reconciles to the stated reference accession interval.	YES
O75780	157	Q07869	468	BLANK_GENE_MAPPING_TO_REVIEWED_CANONICAL_ACCESSION:clear_from_description	101	167	CANONICAL_DBD_PFAM_WITHIN_MODEL_INTERVAL	PF00105:101-167:Double treble clef zinc finger, C4 type	468	157	156	99.36	67	0	0	0.00	0.00		157	156	99.36	HIGH_CONFIDENCE_DBD_ABSENT	/data/sbi/interchange/boliva/patricia/models/TFS_Q07869:100:468_3e00_D_1.pdb	100-468	303e9541d01daf4c3aaeff396508a8d5f7974557309f91ab74a56924a8df8af2	A	369	8cbcbdb205545d8ed814c3ddc33a4e5e4d57650a8f25ec6d668a2d29022e44c1	369	100.00	100.00	157	99.36	100.00	RECONCILED	PDB protein chain reconciles to the stated reference accession interval.	YES
Q59EB9	436	B7ZKJ5	844	BLANK_GENE_MAPPING_TO_EXPLICIT_INTERFACE_AUDITED_REFERENCE:probable_from_description	587	780	CANONICAL_DBD_PFAM_WITHIN_MODEL_INTERVAL	PF00096:587-609:Zinc finger, C2H2 type;PF13909:615-640:C2H2-type zinc-finger domain;PF00096:701-723:Zinc finger, C2H2 type;PF00096:758-780:Zinc finger, C2H2 type	848	432	429	99.31	194	15	14	7.73	93.33	416-430	417	415	99.52	HIGH_CONFIDENCE_DBD_ABSENT	/data/sbi/interchange/boliva/patricia/models/TFS_B7ZKJ5:553:837_5wjq_D_1.pdb	553-837	9b5521c29e0e266769b318fcaf92dfb57c6d44043db59a788462ec991ff4fa1e	A	285	062cfd0dcab8335f9650e4d55a0dd19f7293a1914b281aba5ef8e3dc7d2328e9	285	100.00	100.00	5	83.33	1.15	RECONCILED	PDB protein chain reconciles to the stated reference accession interval.	YES
Q59EF3	371	H0YE88	426	BLANK_GENE_MAPPING_TO_EXPLICIT_INTERFACE_AUDITED_REFERENCE:clear_from_description	32	98	CANONICAL_DBD_PFAM_WITHIN_MODEL_INTERVAL	PF01285:32-98:TEA/ATTS domain	426	371	336	90.57	67	37	13	55.22	35.14	14-50	334	323	96.71	UNCERTAIN_MANUAL_REVIEW	/data/sbi/interchange/boliva/patricia/models/TFS_H0YE88:31:104_5nnx_A_1.pdb	31-104	130e9796e11c9fd0884382153965087fc30c8c6ba6174fb2ad236c8dd46548da	A	74	f484f3688f6bbfb602ff56218a7dc8642a4ec0c02ff683aead68a460b7e2efe5	74	100.00	100.00	3	100.00	0.81	RECONCILED	PDB protein chain reconciles to the stated reference accession interval.	YES
Q5T4K9	217	Q8TEY5	395	SAME_GENE_MODCRE_SUMMARY_V2_EXPLICIT_ACCESSION	215	273	CANONICAL_DBD_PFAM_WITHIN_MODEL_INTERVAL	PF00170:215-273:bZIP transcription factor	395	217	217	100.00	59	1	1	1.69	100.00	212-212	216	216	100.00	HIGH_CONFIDENCE_DBD_ABSENT	/data/sbi/interchange/boliva/patricia/models/TFS_Q8TEY5:218:259_1t2k_C_1.pdb	218-259	ab1e82058fc715772271bca9bf704fb5d3ea6744d0b00667d0c5483f40bcae72	A	42	fa026ff7320157a9cc308ed887b79362d1fae2e8e4e64cd5f453da47af365b89	42	100.00	100.00	5	80.00	2.30	RECONCILED	PDB protein chain reconciles to the stated reference accession interval.	YES
Q5T4L2	182	Q8TEY5	395	SAME_GENE_MODCRE_SUMMARY_V2_EXPLICIT_ACCESSION	215	273	CANONICAL_DBD_PFAM_WITHIN_MODEL_INTERVAL	PF00170:215-273:bZIP transcription factor	395	182	182	100.00	59	0	0	0.00	0.00		182	182	100.00	HIGH_CONFIDENCE_DBD_ABSENT	/data/sbi/interchange/boliva/patricia/models/TFS_Q8TEY5:218:259_1t2k_C_1.pdb	218-259	ab1e82058fc715772271bca9bf704fb5d3ea6744d0b00667d0c5483f40bcae72	A	42	fa026ff7320157a9cc308ed887b79362d1fae2e8e4e64cd5f453da47af365b89	42	100.00	100.00	5	80.00	2.75	RECONCILED	PDB protein chain reconciles to the stated reference accession interval.	YES
Q5VVR5	222	H0YEE5	108	SAME_GENE_MODCRE_SUMMARY_V2_EXPLICIT_ACCESSION	1	49	CANONICAL_DBD_PFAM_WITHIN_MODEL_INTERVAL	PF00505:1-49:HMG (high mobility group) box	222	108	41	37.96	49	49	21	100.00	42.86	11-104	59	20	33.90	UNCERTAIN_MANUAL_REVIEW	/data/sbi/interchange/boliva/patricia/models/TFS_H0YEE5:1:64_2lef_A_1.pdb	1-64	cc449cf2ba853feb6925302c23fb2ef19b6a52d5f29a2d2008b1346c9f3fee4d	A	64	54bab0bc1e5d0636a976caf54a676b8db04cb5b3feb2146f5597a0894a2149f4	64	100.00	100.00	7	71.43	3.15	RECONCILED	PDB protein chain reconciles to the stated reference accession interval.	YES
Q6L9M1	41	Q4W4C7	280	SAME_GENE_MODCRE_SUMMARY_V2_EXPLICIT_ACCESSION	124	190	CANONICAL_DBD_PFAM_WITHIN_MODEL_INTERVAL	PF00105:124-190:Double treble clef zinc finger, C4 type	280	41	41	100.00	67	2	2	2.99	100.00	37-38	39	39	100.00	UNCERTAIN_MANUAL_REVIEW	/data/sbi/interchange/boliva/patricia/models/TFS_Q4W4C7:121:201_1a6y_B_1.pdb	121-201	cfcad351e1dc61776aad8542fa412d5eab171c06e5fe87443c090a7839270631	B	74	0c4f8395392f61de6f905227fb94495f6df867bcbed863d50f38d6cb7b0768cc	74	100.00	100.00	2	100.00	4.88	RECONCILED	PDB protein chain reconciles to the stated reference accession interval.	YES
Q6NZ39	100	Q8TE12	382	SAME_GENE_MODCRE_SUMMARY_V2_EXPLICIT_ACCESSION	196	252	CANONICAL_DBD_PFAM_WITHIN_MODEL_INTERVAL	PF00046:196-252:Homeodomain	382	100	100	100.00	57	0	0	0.00	0.00		100	100	100.00	HIGH_CONFIDENCE_DBD_ABSENT	/data/sbi/interchange/boliva/patricia/models/TFS_Q8TE12:196:249_6a8r_B_1.pdb	196-249	2a40626bce14f5582d474b922ff3745314717087521b83ddeb3b08d3ae4190be	A	54	857f7c5b778e5d4a3438c19cc0dcdf406ffae2f380ebd449a828c82ae82475f9	54	100.00	100.00	25	46.15	25.00	RECONCILED	PDB protein chain reconciles to the stated reference accession interval.	YES
Q709A9	79	A0A7I2YQR9	273	SAME_GENE_MODCRE_SUMMARY_V2_EXPLICIT_ACCESSION	236	265	CANONICAL_DBD_PFAM_WITHIN_MODEL_INTERVAL	PF00010:236-265:Helix-loop-helix DNA-binding domain	273	79	79	100.00	30	4	4	13.33	100.00	76-79	75	75	100.00	UNCERTAIN_MANUAL_REVIEW	/data/sbi/interchange/boliva/patricia/models/TFS_A0A7I2YQR9:232:263_5nj8_B_1.pdb	232-263	68117e4ce12dea1e3a09c022a4d3d94ff56414a72a1670a5b788fe42aae2a312	A	32	9c5b18065b5adc0b15cc1ea9eaff03bc6e4b235b822260592777438e7d171ced	32	100.00	100.00	2	100.00	2.53	RECONCILED	PDB protein chain reconciles to the stated reference accession interval.	YES
Q86VD4	200	Q70SY1	520	SAME_GENE_MODCRE_SUMMARY_V2_EXPLICIT_ACCESSION	292	354	CANONICAL_DBD_PFAM_WITHIN_MODEL_INTERVAL	PF00170:292-354:bZIP transcription factor	520	200	184	92.00	63	14	10	22.22	71.43	155-168	186	174	93.55	UNCERTAIN_MANUAL_REVIEW	/data/sbi/interchange/boliva/patricia/models/TFS_Q70SY1:295:354_1t2k_C_1.pdb	295-354	223464dee64cfdad948ff5f6442d8d8b8f2ac7bd543b82a2a2aed99fc32891eb	A	60	0c54aaa3980b1771271d6e29d977ee78cc9564ad46249a6b3c2dda3e55ae1eec	60	100.00	100.00	5	80.00	2.50	RECONCILED	PDB protein chain reconciles to the stated reference accession interval.	YES
Q8NHZ2	412	B7ZKJ5	844	SAME_GENE_MODCRE_SUMMARY_V2_EXPLICIT_ACCESSION	587	780	CANONICAL_DBD_PFAM_WITHIN_MODEL_INTERVAL	PF00096:587-609:Zinc finger, C2H2 type;PF13909:615-640:C2H2-type zinc-finger domain;PF00096:701-723:Zinc finger, C2H2 type;PF00096:758-780:Zinc finger, C2H2 type	844	412	410	99.51	194	12	12	6.19	100.00	397-408	400	398	99.50	HIGH_CONFIDENCE_DBD_ABSENT	/data/sbi/interchange/boliva/patricia/models/TFS_B7ZKJ5:553:837_5wjq_D_1.pdb	553-837	9b5521c29e0e266769b318fcaf92dfb57c6d44043db59a788462ec991ff4fa1e	A	285	062cfd0dcab8335f9650e4d55a0dd19f7293a1914b281aba5ef8e3dc7d2328e9	285	100.00	100.00	5	83.33	1.21	RECONCILED	PDB protein chain reconciles to the stated reference accession interval.	YES
Q8NHZ3	174	B7ZKJ5	844	SAME_GENE_MODCRE_SUMMARY_V2_EXPLICIT_ACCESSION	587	780	CANONICAL_DBD_PFAM_WITHIN_MODEL_INTERVAL	PF00096:587-609:Zinc finger, C2H2 type;PF13909:615-640:C2H2-type zinc-finger domain;PF00096:701-723:Zinc finger, C2H2 type;PF00096:758-780:Zinc finger, C2H2 type	844	174	172	98.85	194	2	2	1.03	100.00	170-171	172	170	98.84	HIGH_CONFIDENCE_DBD_ABSENT	/data/sbi/interchange/boliva/patricia/models/TFS_B7ZKJ5:553:837_5wjq_D_1.pdb	553-837	9b5521c29e0e266769b318fcaf92dfb57c6d44043db59a788462ec991ff4fa1e	A	285	062cfd0dcab8335f9650e4d55a0dd19f7293a1914b281aba5ef8e3dc7d2328e9	285	100.00	100.00	5	83.33	2.87	RECONCILED	PDB protein chain reconciles to the stated reference accession interval.	YES
Q8NHZ4	265	B7ZKJ5	844	SAME_GENE_MODCRE_SUMMARY_V2_EXPLICIT_ACCESSION	587	780	CANONICAL_DBD_PFAM_WITHIN_MODEL_INTERVAL	PF00096:587-609:Zinc finger, C2H2 type;PF13909:615-640:C2H2-type zinc-finger domain;PF00096:701-723:Zinc finger, C2H2 type;PF00096:758-780:Zinc finger, C2H2 type	844	265	264	99.62	194	8	8	4.12	100.00	253-260	257	256	99.61	HIGH_CONFIDENCE_DBD_ABSENT	/data/sbi/interchange/boliva/patricia/models/TFS_B7ZKJ5:553:837_5wjq_D_1.pdb	553-837	9b5521c29e0e266769b318fcaf92dfb57c6d44043db59a788462ec991ff4fa1e	A	285	062cfd0dcab8335f9650e4d55a0dd19f7293a1914b281aba5ef8e3dc7d2328e9	285	100.00	100.00	5	83.33	1.89	RECONCILED	PDB protein chain reconciles to the stated reference accession interval.	YES
Q8NHZ5	266	B7ZKJ5	844	SAME_GENE_MODCRE_SUMMARY_V2_EXPLICIT_ACCESSION	587	780	CANONICAL_DBD_PFAM_WITHIN_MODEL_INTERVAL	PF00096:587-609:Zinc finger, C2H2 type;PF13909:615-640:C2H2-type zinc-finger domain;PF00096:701-723:Zinc finger, C2H2 type;PF00096:758-780:Zinc finger, C2H2 type	844	266	266	100.00	194	13	13	6.70	100.00	253-265	253	253	100.00	HIGH_CONFIDENCE_DBD_ABSENT	/data/sbi/interchange/boliva/patricia/models/TFS_B7ZKJ5:553:837_5wjq_D_1.pdb	553-837	9b5521c29e0e266769b318fcaf92dfb57c6d44043db59a788462ec991ff4fa1e	A	285	062cfd0dcab8335f9650e4d55a0dd19f7293a1914b281aba5ef8e3dc7d2328e9	285	100.00	100.00	5	83.33	1.88	RECONCILED	PDB protein chain reconciles to the stated reference accession interval.	YES
Q8WXB8	149	B7ZKJ5	844	SAME_GENE_MODCRE_SUMMARY_V2_EXPLICIT_ACCESSION	587	780	CANONICAL_DBD_PFAM_WITHIN_MODEL_INTERVAL	PF00096:587-609:Zinc finger, C2H2 type;PF13909:615-640:C2H2-type zinc-finger domain;PF00096:701-723:Zinc finger, C2H2 type;PF00096:758-780:Zinc finger, C2H2 type	844	149	148	99.33	194	12	12	6.19	100.00	135-146	137	136	99.27	HIGH_CONFIDENCE_DBD_ABSENT	/data/sbi/interchange/boliva/patricia/models/TFS_B7ZKJ5:553:837_5wjq_D_1.pdb	553-837	9b5521c29e0e266769b318fcaf92dfb57c6d44043db59a788462ec991ff4fa1e	A	285	062cfd0dcab8335f9650e4d55a0dd19f7293a1914b281aba5ef8e3dc7d2328e9	285	100.00	100.00	6	71.43	4.03	RECONCILED	PDB protein chain reconciles to the stated reference accession interval.	YES
Q8WXB9	149	B7ZKJ5	844	SAME_GENE_MODCRE_SUMMARY_V2_EXPLICIT_ACCESSION	587	780	CANONICAL_DBD_PFAM_WITHIN_MODEL_INTERVAL	PF00096:587-609:Zinc finger, C2H2 type;PF13909:615-640:C2H2-type zinc-finger domain;PF00096:701-723:Zinc finger, C2H2 type;PF00096:758-780:Zinc finger, C2H2 type	844	149	147	98.66	194	12	12	6.19	100.00	135-146	137	135	98.54	HIGH_CONFIDENCE_DBD_ABSENT	/data/sbi/interchange/boliva/patricia/models/TFS_B7ZKJ5:553:837_5wjq_D_1.pdb	553-837	9b5521c29e0e266769b318fcaf92dfb57c6d44043db59a788462ec991ff4fa1e	A	285	062cfd0dcab8335f9650e4d55a0dd19f7293a1914b281aba5ef8e3dc7d2328e9	285	100.00	100.00	6	71.43	4.03	RECONCILED	PDB protein chain reconciles to the stated reference accession interval.	YES
Q96QL7	318	Q6AZW6	703	SAME_GENE_MODCRE_SUMMARY_V2_EXPLICIT_ACCESSION	324	385	CANONICAL_DBD_PFAM_WITHIN_MODEL_INTERVAL	PF00170:324-385:bZIP transcription factor	703	318	310	97.48	62	5	5	8.06	100.00	283-287	313	305	97.44	HIGH_CONFIDENCE_DBD_ABSENT	/data/sbi/interchange/boliva/patricia/models/TFS_Q6AZW6:326:381_1t2k_C_1.pdb	326-381	c21719f104f3ecb9a64320e2a4b86ec200657b172cf9d7016ebfa876a8afe84c	A	56	4b3af29093f5fa6ef9fe5d9e0d756d0c611e0e039a68104a3ab3c1e77063ff69	56	100.00	100.00	3	100.00	0.94	RECONCILED	PDB protein chain reconciles to the stated reference accession interval.	YES
Q9Y2W8	113	P03372	595	BLANK_GENE_MAPPING_TO_REVIEWED_CANONICAL_ACCESSION:clear_from_description:LONGEST_MODEL_INTERVAL_FOR_Q9Y2W8_CONTROL	184	252	CANONICAL_DBD_PFAM_WITHIN_MODEL_INTERVAL	PF00105:184-252:Double treble clef zinc finger, C4 type	595	113	113	100.00	69	0	0	0.00	0.00		113	113	100.00	HIGH_CONFIDENCE_DBD_ABSENT	/data/sbi/interchange/boliva/patricia/models/TFS_P03372:185:544_3e00_A_1.pdb	185-544	6c723688317e114cd0143a3432d4249f0a091c24db45959e5e322d20a7820be8	A	360	aa6b1ed4fa9c9e86085f7ca9deae5be1904fb7e5541c16fc60a1cd2afa5adb39	360	100.00	100.00	108	100.00	95.58	RECONCILED	PDB protein chain reconciles to the stated reference accession interval.	YES
X5D8U0	435	X5DRE4	220	SAME_GENE_MODCRE_SUMMARY_V2_EXPLICIT_ACCESSION	65	116	CANONICAL_DBD_PFAM_WITHIN_MODEL_INTERVAL	PF00010:65-116:Helix-loop-helix DNA-binding domain	435	220	104	47.27	52	52	27	100.00	51.92	126-233	168	77	45.83	UNCERTAIN_MANUAL_REVIEW	/data/sbi/interchange/boliva/patricia/models/TFS_X5DRE4:62:116_4zpr_A_1.pdb	62-116	964c5e79f673212e9a9a2b3060353e0ae7615290066ebe5f55f530f2034067c6	A	55	a342d6f45d8220e1d9ded506da36cdf810b4c3924b2f72d452ddde921cc2d595	55	100.00	100.00	3	100.00	0.69	RECONCILED	PDB protein chain reconciles to the stated reference accession interval.	YES
