failed_accession	gene_names	gene_mapping_source	protein_description	reviewed_status	failed_sequence_length	failed_sequence_sha256	PWM_annotation_level	PWM_source_or_model	legacy_family_text	accepted_pfam_hits	reviewed_DBD_pfam_hits	uncertain_pfam_hits	non_DBD_pfam_hits	DBD_present_by_reviewed_pfam	DBD_fragment_ids	DBD_fragment_sent	DBD_fragment_models_checked	DBD_fragment_passing_model_count	DBD_fragment_best_model_path	DBD_fragment_interface_result	non_DBD_contacting_fragment_ids	canonical_reference_accession	canonical_reference_selection_reason	canonical_reference_reviewed_status	canonical_reference_sequence_length	canonical_reference_DBD_context	canonical_reference_model_path	canonical_reference_model_interval	canonical_reference_interface_result	canonical_reference_atom_contacts	canonical_reference_protein_interface_residues	canonical_reference_dna_interface_residues	failed_to_canonical_full_alignment_length	failed_to_canonical_full_identity_percent	canonical_DBD_residues_covered_by_failed	canonical_DBD_coverage_percent	canonical_DBD_identity_percent	failed_coordinates_corresponding_to_DBD	accession_DBD_presence_evidence	primary_structural_status	canonical_reference_status	action_for_baldo	database_display_recommendation	decision_reason	manual_review_required	manual_review_reason	classification_confidence
A0A0A7M2K0	ZFPM2;ELF5	BLANK_GENE_MAPPING:fusion	ZFPM2-ELF5 fusion protein	UNREVIEWED	177	b665e45bf3c04a20df9179e5d6809bb21ca1174a78b4b2f0c048bed427006838	Identical_PWM	MA0136.1	SAM_PNT	PF02198:87-164:Sterile alpha motif (SAM)/Pointed domain			PF02198:87-164:Sterile alpha motif (SAM)/Pointed domain	NO		NOT_APPLICABLE	0	0											NOT_VALIDATED										NO_CANONICAL_REFERENCE	UNCERTAIN_MANUAL_REVIEW	NO_CANONICAL_REFERENCE_FOUND	MANUAL_REVIEW_BEFORE_SENDING	NO_DISPLAY_CHANGE_PENDING_MANUAL_REVIEW	Available evidence does not meet an approved automatic present/absent rule. PWM/database inclusion is not changed by this structural recommendation.	YES	Gene mapping is fusion.	LOW
A0A804HLH1	PPARG	FAILED_ACCESSION_ANNOTATION	Peroxisome proliferator-activated receptor gamma (PPAR-gamma) (Nuclear receptor subfamily 1 group C member 3)	UNREVIEWED	77	609d3929bfb8b0c8da42cd50ee08429d66a828f6056c3f1a0ce6735a6ffc7cdd	Identical_PWM	M11139_2.00	PPARgamma_N	PF12577:1-66:PPAR gamma N-terminal region			PF12577:1-66:PPAR gamma N-terminal region	NO		NOT_APPLICABLE	0	0				Q4W4C7	SAME_GENE_MODCRE_SUMMARY_V2_EXPLICIT_ACCESSION	UNREVIEWED	280	PF00105:124-190:Double treble clef zinc finger, C4 type	/data/sbi/interchange/boliva/patricia/models/TFS_Q4W4C7:121:201_1a6y_B_1.pdb	121-201	PASS_NONEMPTY_PROTEIN_DNA_INTERFACE	670	20	17	280	98.70	7	10.45	100.00	62-68	UNCERTAIN_MANUAL_REVIEW	UNCERTAIN_MANUAL_REVIEW	CANONICAL_REFERENCE_INTERFACE_VALID	MANUAL_REVIEW_BEFORE_SENDING	NO_DISPLAY_CHANGE_PENDING_MANUAL_REVIEW	Available evidence does not meet an approved automatic present/absent rule. PWM/database inclusion is not changed by this structural recommendation.	YES	Canonical alignment evidence is UNCERTAIN_MANUAL_REVIEW.	LOW
A0A994J7B2	TCF3	FAILED_ACCESSION_ANNOTATION	Transcription factor 3	UNREVIEWED	132	3145943cc4178a2ca097665603a5c7e1bb3aaeb4006b4d23fcf13afc715c84b3	Identical_PWM	MA0091.1						NO		NOT_APPLICABLE	0	0				K7ENH8	SAME_GENE_MODCRE_SUMMARY_V2_EXPLICIT_ACCESSION	UNREVIEWED	314	PF00010:210-262:Helix-loop-helix DNA-binding domain	/data/sbi/interchange/boliva/patricia/models/TFS_K7ENH8:199:272_2ypb_B_1.pdb	199-272	PASS_NONEMPTY_PROTEIN_DNA_INTERFACE	318	22	16	314	52.27	22	41.51	45.45	99-120	UNCERTAIN_MANUAL_REVIEW	UNCERTAIN_MANUAL_REVIEW	CANONICAL_REFERENCE_INTERFACE_VALID	MANUAL_REVIEW_BEFORE_SENDING	NO_DISPLAY_CHANGE_PENDING_MANUAL_REVIEW	Available evidence does not meet an approved automatic present/absent rule. PWM/database inclusion is not changed by this structural recommendation.	YES	Canonical alignment evidence is UNCERTAIN_MANUAL_REVIEW.	LOW
A8K549		BLANK_GENE_MAPPING:uncertain	cDNA FLJ78348	UNREVIEWED	248	27922460081c90fad660649fe6fce7a62ec219b725ecb6b6c30386b49d6045c3	Identical_PWM	MA0900.1						NO		NOT_APPLICABLE	0	0											NOT_VALIDATED										NO_CANONICAL_REFERENCE	UNCERTAIN_MANUAL_REVIEW	NO_CANONICAL_REFERENCE_FOUND	MANUAL_REVIEW_BEFORE_SENDING	NO_DISPLAY_CHANGE_PENDING_MANUAL_REVIEW	Available evidence does not meet an approved automatic present/absent rule. PWM/database inclusion is not changed by this structural recommendation.	YES	Gene mapping is uncertain.	LOW
A8MTU8	SREBF1	BLANK_GENE_MAPPING:clear_from_description	cDNA FLJ38006 fis, clone CTONG2012422, highly similar to Sterol regulatory element-binding protein 1	UNREVIEWED	766	1cdb74fb6b085002144e40283f14ec4b3a0bc4243cddd68f82342fcd7f728893	Homologous_PWM	M01724_2.00 (82.9%);MA0595.1 (98.9%);MA0829.1 (83.2%)						NO		NOT_APPLICABLE	0	0				P36956	BLANK_GENE_MAPPING_TO_EXPLICIT_INTERFACE_AUDITED_REFERENCE:clear_from_description	REVIEWED	1147	PF00010:324-374:Helix-loop-helix DNA-binding domain	/data/sbi/interchange/boliva/patricia/models/TFS_P36956:316:404_5i50_B_1.pdb	316-404	PASS_NONEMPTY_PROTEIN_DNA_INTERFACE	316	26	18	1147	97.13	11	21.57	72.73	68-78	UNCERTAIN_MANUAL_REVIEW	UNCERTAIN_MANUAL_REVIEW	CANONICAL_REFERENCE_INTERFACE_VALID	MANUAL_REVIEW_BEFORE_SENDING	NO_DISPLAY_CHANGE_PENDING_MANUAL_REVIEW	Available evidence does not meet an approved automatic present/absent rule. PWM/database inclusion is not changed by this structural recommendation.	YES	Canonical alignment evidence is UNCERTAIN_MANUAL_REVIEW.	LOW
B1NY96	TCF3-ZNF384 fusion	FAILED_ACCESSION_ANNOTATION	E2A-NMP4 fusion protein	UNREVIEWED	197	2256e0b00cd44f1c53a055a81f45bdb46d18f5c6227889b3196541053d0883ce	Identical_PWM	MA1125.1						NO		NOT_APPLICABLE	0	0											NOT_VALIDATED										NO_CANONICAL_REFERENCE	UNCERTAIN_MANUAL_REVIEW	NO_CANONICAL_REFERENCE_FOUND	MANUAL_REVIEW_BEFORE_SENDING	NO_DISPLAY_CHANGE_PENDING_MANUAL_REVIEW	Available evidence does not meet an approved automatic present/absent rule. PWM/database inclusion is not changed by this structural recommendation.	YES	No decisive reviewed-Pfam or canonical-alignment evidence.	LOW
B3KU95	HOXA2	BLANK_GENE_MAPPING:clear_from_description	cDNA FLJ39423 fis, clone PROST1000322, highly similar to HOMEOBOX PROTEIN HOX-A2	UNREVIEWED	248	814ef3064e418d389e24c0fdee0c797c47cf845af5ed5e74c98d93e535b47b84	Identical_PWM	MA0900.1						NO		NOT_APPLICABLE	0	0				O43364	BLANK_GENE_MAPPING_TO_REVIEWED_CANONICAL_ACCESSION:clear_from_description	REVIEWED	376	PF00046:144-200:Homeodomain	/data/sbi/interchange/boliva/patricia/models/TFS_O43364:144:205_1ahd_P_1.pdb	144-205	NOT_VALIDATED				377	73.68	24	42.11	33.33	134-157	UNCERTAIN_MANUAL_REVIEW	UNCERTAIN_MANUAL_REVIEW	CANONICAL_REFERENCE_FOUND_NOT_VALIDATED	MANUAL_REVIEW_BEFORE_SENDING	NO_DISPLAY_CHANGE_PENDING_MANUAL_REVIEW	Available evidence does not meet an approved automatic present/absent rule. PWM/database inclusion is not changed by this structural recommendation.	YES	Canonical alignment evidence is UNCERTAIN_MANUAL_REVIEW.	LOW
B4DL38	EGR2	BLANK_GENE_MAPPING:clear_from_description	cDNA FLJ54816, highly similar to Early growth response protein 2	UNREVIEWED	261	2ed54beb6df2d08f2d30b893f8268420ddc4507bbbd2be9a0983a2d970836efe	Homologous_PWM	M09515_2.00 (89.5%);MA0472.1 (87.5%);MA0472.2 (96.6%)	DUF3446	PF11928:107-217:Early growth response N-terminal domain			PF11928:107-217:Early growth response N-terminal domain	NO		NOT_APPLICABLE	0	0				A0A8I5KYI5	BLANK_GENE_MAPPING_TO_EXPLICIT_INTERFACE_AUDITED_REFERENCE:clear_from_description	UNREVIEWED	489	PF00096:353-377:Zinc finger, C2H2 type;PF00096:383-405:Zinc finger, C2H2 type;PF00096:411-433:Zinc finger, C2H2 type	/data/sbi/interchange/boliva/patricia/models/TFS_A0A8I5KYI5:350:435_4r2a_A_1.pdb	350-435	PASS_NONEMPTY_PROTEIN_DNA_INTERFACE	534	20	10	489	95.79	10	12.35	100.00	248-257	UNCERTAIN_MANUAL_REVIEW	UNCERTAIN_MANUAL_REVIEW	CANONICAL_REFERENCE_INTERFACE_VALID	MANUAL_REVIEW_BEFORE_SENDING	NO_DISPLAY_CHANGE_PENDING_MANUAL_REVIEW	Available evidence does not meet an approved automatic present/absent rule. PWM/database inclusion is not changed by this structural recommendation.	YES	Canonical alignment evidence is UNCERTAIN_MANUAL_REVIEW.	LOW
B4DNX4	EGR1	BLANK_GENE_MAPPING:clear_from_description	cDNA FLJ56577, highly similar to Early growth response protein 1	UNREVIEWED	200	5054d41395a800d80959968539331f42a603e54221adccf56a88713f76f805e0	Identical_PWM	MA0162.2	DUF3432	PF11914:114-187:Domain of unknown function (DUF3432)		PF11914:114-187:Domain of unknown function (DUF3432)		UNCERTAIN		NOT_APPLICABLE	0	0				P18146	BLANK_GENE_MAPPING_TO_REVIEWED_CANONICAL_ACCESSION:clear_from_description	REVIEWED	543	PF00096:338-362:Zinc finger, C2H2 type;PF00096:368-390:Zinc finger, C2H2 type;PF00096:396-418:Zinc finger, C2H2 type	/data/sbi/interchange/boliva/patricia/models/TFS_P18146:335:421_4r2d_A_1.pdb	335-421	NOT_VALIDATED				543	100.00	3	3.70	100.00	142-144	HIGH_CONFIDENCE_DBD_ABSENT	UNCERTAIN_MANUAL_REVIEW	CANONICAL_REFERENCE_FOUND_NOT_VALIDATED	MANUAL_REVIEW_BEFORE_SENDING	NO_DISPLAY_CHANGE_PENDING_MANUAL_REVIEW	The reviewed Pfam mapping does not establish whether the accession contains its expected DBD. PWM/database inclusion is not changed by this structural recommendation.	YES	At least one accepted Pfam has reviewed expected-DBD status UNCERTAIN.	LOW
B4DTN3		BLANK_GENE_MAPPING:uncertain	cDNA FLJ58424, highly similar to MBD2-interacting zinc finger protein	UNREVIEWED	143	b9c0f113ebca7008176096521b2c4e26ff860489f5ffe832298d0c299c96ae61	Homologous_PWM	MA0131.1 (98.5%)	FAST_1,DARPP-32					NO		NOT_APPLICABLE	0	0											NOT_VALIDATED										NO_CANONICAL_REFERENCE	UNCERTAIN_MANUAL_REVIEW	NO_CANONICAL_REFERENCE_FOUND	MANUAL_REVIEW_BEFORE_SENDING	NO_DISPLAY_CHANGE_PENDING_MANUAL_REVIEW	Available evidence does not meet an approved automatic present/absent rule. PWM/database inclusion is not changed by this structural recommendation.	YES	Gene mapping is uncertain.	LOW
B4E2G3	CREB3L4	BLANK_GENE_MAPPING:clear_from_description	cDNA FLJ58974, highly similar to Homo sapiens cAMP responsive element binding protein 3-like 4 (CREB3L4), mRNA	UNREVIEWED	202	d892178318ee5ab1568ddd05198b7422db64155532509f290bb37692482b1761	Homologous_PWM	MA1474.1 (98.6%)						NO		NOT_APPLICABLE	0	0				Q8TEY5	BLANK_GENE_MAPPING_TO_EXPLICIT_INTERFACE_AUDITED_REFERENCE:clear_from_description	REVIEWED	395	PF00170:215-273:bZIP transcription factor	/data/sbi/interchange/boliva/patricia/models/TFS_Q8TEY5:218:259_1t2k_C_1.pdb	218-259	PASS_NONEMPTY_PROTEIN_DNA_INTERFACE	62	7	4	395	87.62	8	13.56	75.00	150-157	UNCERTAIN_MANUAL_REVIEW	UNCERTAIN_MANUAL_REVIEW	CANONICAL_REFERENCE_INTERFACE_VALID	MANUAL_REVIEW_BEFORE_SENDING	NO_DISPLAY_CHANGE_PENDING_MANUAL_REVIEW	Available evidence does not meet an approved automatic present/absent rule. PWM/database inclusion is not changed by this structural recommendation.	YES	Canonical alignment evidence is UNCERTAIN_MANUAL_REVIEW.	LOW
B5MCD3	HOXD12	FAILED_ACCESSION_ANNOTATION	Homeobox D12	UNREVIEWED	246	c6fd7e539d2cc29d19348fdc513a26d5a8e93572d0d8aa717d7118cdf407f97d	Homologous_PWM	MA0873.1 (97.0%)						NO		NOT_APPLICABLE	0	0				P35452	SAME_GENE_MODCRE_SUMMARY_V2_EXPLICIT_ACCESSION	REVIEWED	270	PF00046:203-259:Homeodomain	/data/sbi/interchange/boliva/patricia/models/TFS_P35452:203:259_5zjr_A_1.pdb	203-259	PASS_NONEMPTY_PROTEIN_DNA_INTERFACE	621	40	22	273	87.24	38	66.67	39.47	203-243	UNCERTAIN_MANUAL_REVIEW	UNCERTAIN_MANUAL_REVIEW	CANONICAL_REFERENCE_INTERFACE_VALID	MANUAL_REVIEW_BEFORE_SENDING	NO_DISPLAY_CHANGE_PENDING_MANUAL_REVIEW	Available evidence does not meet an approved automatic present/absent rule. PWM/database inclusion is not changed by this structural recommendation.	YES	Canonical alignment evidence is UNCERTAIN_MANUAL_REVIEW.	LOW
B7Z8F5	RFX2	BLANK_GENE_MAPPING:clear_from_description	cDNA FLJ53376, highly similar to DNA-binding protein RFX2	UNREVIEWED	510	36bf845587c92853ec482a54eea853a0f345c0a23361566291cb229947094d76	Homologous_PWM	M02450_2.00 (76.3%);MA0600.1 (75.0%)	RFX1_trans_act	PF04589:1-51:RFX1 transcription activation region;PF25340:158-446:RFX BCD domain			PF04589:1-51:RFX1 transcription activation region;PF25340:158-446:RFX BCD domain	NO		NOT_APPLICABLE	0	0				P48378	BLANK_GENE_MAPPING_TO_REVIEWED_CANONICAL_ACCESSION:clear_from_description	REVIEWED	723	PF02257:199-273:RFX DNA-binding domain			NOT_VALIDATED				723	99.80	15	20.00	93.33	46-60	UNCERTAIN_MANUAL_REVIEW	UNCERTAIN_MANUAL_REVIEW	UNCERTAIN	MANUAL_REVIEW_BEFORE_SENDING	NO_DISPLAY_CHANGE_PENDING_MANUAL_REVIEW	Available evidence does not meet an approved automatic present/absent rule. PWM/database inclusion is not changed by this structural recommendation.	YES	Canonical alignment evidence is UNCERTAIN_MANUAL_REVIEW.	LOW
C9JPH0	CREB3L2	FAILED_ACCESSION_ANNOTATION	cAMP responsive element binding protein 3 like 2	UNREVIEWED	185	dd9c3a8760667e05a4ff8cff5ab1b8d84cf8ac0aa51d8f8fc9600dd2de53f94d	Homologous_PWM	MA0608.1 (87.0%)						NO		NOT_APPLICABLE	0	0				Q70SY1	SAME_GENE_MODCRE_SUMMARY_V2_EXPLICIT_ACCESSION	REVIEWED	520	PF00170:292-354:bZIP transcription factor	/data/sbi/interchange/boliva/patricia/models/TFS_Q70SY1:295:354_1t2k_C_1.pdb	295-354	PASS_NONEMPTY_PROTEIN_DNA_INTERFACE	57	8	6	520	91.35	14	22.22	71.43	140-153	UNCERTAIN_MANUAL_REVIEW	UNCERTAIN_MANUAL_REVIEW	CANONICAL_REFERENCE_INTERFACE_VALID	MANUAL_REVIEW_BEFORE_SENDING	NO_DISPLAY_CHANGE_PENDING_MANUAL_REVIEW	Available evidence does not meet an approved automatic present/absent rule. PWM/database inclusion is not changed by this structural recommendation.	YES	Canonical alignment evidence is UNCERTAIN_MANUAL_REVIEW.	LOW
D1LUZ8	C20orf112/RUNX1 fusion	FAILED_ACCESSION_ANNOTATION	C20orf112/RUNX1 fusion protein	UNREVIEWED	170	9fee1d52525405b031a72ac70f04611ca2feebe65f52c6a9206267b4c093ff9b	Homologous_PWM	M09371_2.00 (98.5%);MA0002.1 (99.2%)						NO		NOT_APPLICABLE	0	0											NOT_VALIDATED										NO_CANONICAL_REFERENCE	UNCERTAIN_MANUAL_REVIEW	NO_CANONICAL_REFERENCE_FOUND	MANUAL_REVIEW_BEFORE_SENDING	NO_DISPLAY_CHANGE_PENDING_MANUAL_REVIEW	Available evidence does not meet an approved automatic present/absent rule. PWM/database inclusion is not changed by this structural recommendation.	YES	No decisive reviewed-Pfam or canonical-alignment evidence.	LOW
D6RID7	LEF1	FAILED_ACCESSION_ANNOTATION	Lymphoid enhancer binding factor 1	UNREVIEWED	133	3c6b5d9b391a45968f93520ab8e9b8fe0a2f5afbfc4c021e504825f28167449c	Homologous_PWM	M09392_2.00 (98.5%);MA0768.1 (98.5%)	CTNNB1_binding	PF08347:2-105:N-terminal CTNNB1 binding			PF08347:2-105:N-terminal CTNNB1 binding	NO		NOT_APPLICABLE	0	0				Q9UJU2	SAME_GENE_MODCRE_SUMMARY_V2_EXPLICIT_ACCESSION	REVIEWED	399	PF00505:299-367:HMG (high mobility group) box	/data/sbi/interchange/boliva/patricia/models/TFS_Q9UJU2:297:366_4s2q_D_1.pdb	297-366	PASS_NONEMPTY_PROTEIN_DNA_INTERFACE	280	18	12	399	78.95	12	17.39	75.00	98-109	UNCERTAIN_MANUAL_REVIEW	UNCERTAIN_MANUAL_REVIEW	CANONICAL_REFERENCE_INTERFACE_VALID	MANUAL_REVIEW_BEFORE_SENDING	NO_DISPLAY_CHANGE_PENDING_MANUAL_REVIEW	Available evidence does not meet an approved automatic present/absent rule. PWM/database inclusion is not changed by this structural recommendation.	YES	Canonical alignment evidence is UNCERTAIN_MANUAL_REVIEW.	LOW
E9PKB7	TEAD1	FAILED_ACCESSION_ANNOTATION	TEA domain transcription factor 1	UNREVIEWED	330	c887fd4935d15664706a1d3279a66a36d37deb4d9bf4bf3e01ed9eb74eee384c	Identical_PWM	MA0090.1	TEA	PF17725:119-327:YAP binding domain			PF17725:119-327:YAP binding domain	NO		NOT_APPLICABLE	0	0			E9PKB7|PF17725|119-327	H0YE88	SAME_GENE_MODCRE_SUMMARY_V2_EXPLICIT_ACCESSION	UNREVIEWED	426	PF01285:32-98:TEA/ATTS domain	/data/sbi/interchange/boliva/patricia/models/TFS_H0YE88:31:104_5nnx_A_1.pdb	31-104	PASS_NONEMPTY_PROTEIN_DNA_INTERFACE	178	10	6	426	98.48	9	13.43	55.56	3-11	UNCERTAIN_MANUAL_REVIEW	UNCERTAIN_MANUAL_REVIEW	CANONICAL_REFERENCE_INTERFACE_VALID	MANUAL_REVIEW_BEFORE_SENDING	NO_DISPLAY_CHANGE_PENDING_MANUAL_REVIEW	Available evidence does not meet an approved automatic present/absent rule. PWM/database inclusion is not changed by this structural recommendation.	YES	Canonical alignment evidence is UNCERTAIN_MANUAL_REVIEW.	LOW
E9PQA2	USF1	FAILED_ACCESSION_ANNOTATION	Upstream transcription factor 1	UNREVIEWED	105	135f203510d613d63abdfefd5eadab84e3fcc009f63dc5b1c5e571245acf0e07	Identical_PWM	MA0093.1						NO		NOT_APPLICABLE	0	0				H0YD59	SAME_GENE_MODCRE_SUMMARY_V2_EXPLICIT_ACCESSION	UNREVIEWED	165	PF00010:67-101:Helix-loop-helix DNA-binding domain	/data/sbi/interchange/boliva/patricia/models/TFS_H0YD59:63:102_4h10_A_1.pdb	63-102	PASS_NONEMPTY_PROTEIN_DNA_INTERFACE	175	12	11	166	33.65	14	40.00	35.71	50-63	UNCERTAIN_MANUAL_REVIEW	UNCERTAIN_MANUAL_REVIEW	CANONICAL_REFERENCE_INTERFACE_VALID	MANUAL_REVIEW_BEFORE_SENDING	NO_DISPLAY_CHANGE_PENDING_MANUAL_REVIEW	Available evidence does not meet an approved automatic present/absent rule. PWM/database inclusion is not changed by this structural recommendation.	YES	Canonical alignment evidence is UNCERTAIN_MANUAL_REVIEW.	LOW
F6X9D6	RFX5	FAILED_ACCESSION_ANNOTATION	Regulatory factor X5	UNREVIEWED	123	85c9b43d8fff47e624077fa63177842f8f71332fdd7e85f841c26522c1de5222	Identical_PWM	MA0510.1	RFX_DNA_binding,Pox_D5	PF18326:28-86:RFX5 N-terminal domain			PF18326:28-86:RFX5 N-terminal domain	NO		NOT_APPLICABLE	0	0											NOT_VALIDATED										NO_CANONICAL_REFERENCE	UNCERTAIN_MANUAL_REVIEW	NO_CANONICAL_REFERENCE_FOUND	MANUAL_REVIEW_BEFORE_SENDING	NO_DISPLAY_CHANGE_PENDING_MANUAL_REVIEW	Available evidence does not meet an approved automatic present/absent rule. PWM/database inclusion is not changed by this structural recommendation.	YES	No decisive reviewed-Pfam or canonical-alignment evidence.	LOW
G3V0H1	SOX5	FAILED_ACCESSION_ANNOTATION	SRY-box transcription factor 5	UNREVIEWED	128	c11eff9c663bd566fd83ae6db06d7fc22245940def6d19ce69c594100a7d7036	Homologous_PWM	M09404_2.00 (73.7%);M11309_2.00 (76.1%);MA0087.1 (73.1%)						NO		NOT_APPLICABLE	0	0				P35711	SAME_GENE_MODCRE_SUMMARY_V2_EXPLICIT_ACCESSION	REVIEWED	763	PF00505:556-624:HMG (high mobility group) box	/data/sbi/interchange/boliva/patricia/models/TFS_P35711:553:634_1j46_A_1.pdb	553-634	PASS_NONEMPTY_PROTEIN_DNA_INTERFACE	476	30	17	763	100.00	7	10.14	100.00	112-118	UNCERTAIN_MANUAL_REVIEW	UNCERTAIN_MANUAL_REVIEW	CANONICAL_REFERENCE_INTERFACE_VALID	MANUAL_REVIEW_BEFORE_SENDING	NO_DISPLAY_CHANGE_PENDING_MANUAL_REVIEW	Available evidence does not meet an approved automatic present/absent rule. PWM/database inclusion is not changed by this structural recommendation.	YES	Canonical alignment evidence is UNCERTAIN_MANUAL_REVIEW.	LOW
G3V289	FOS	FAILED_ACCESSION_ANNOTATION	Protein c-Fos (Cellular oncogene fos)	UNREVIEWED	170	7af35744005ed25ccc3c97a8dd73cd9c17cb53c8255d3bd0643854436cd2b818	Homologous_PWM	MA0099.1 (90.1%);MA0099.2 (99.2%)						NO		NOT_APPLICABLE	0	0				P01100	SAME_GENE_MODCRE_SUMMARY_V2_EXPLICIT_ACCESSION	REVIEWED	380	PF00170:135-194:bZIP transcription factor	/data/sbi/interchange/boliva/patricia/models/TFS_P01100:135:193_2e42_B_1.pdb	135-193	PASS_NONEMPTY_PROTEIN_DNA_INTERFACE	320	9	7	380	92.35	7	11.67	57.14	132-138	UNCERTAIN_MANUAL_REVIEW	UNCERTAIN_MANUAL_REVIEW	CANONICAL_REFERENCE_INTERFACE_VALID	MANUAL_REVIEW_BEFORE_SENDING	NO_DISPLAY_CHANGE_PENDING_MANUAL_REVIEW	Available evidence does not meet an approved automatic present/absent rule. PWM/database inclusion is not changed by this structural recommendation.	YES	Canonical alignment evidence is UNCERTAIN_MANUAL_REVIEW.	LOW
G3V302	MAX	FAILED_ACCESSION_ANNOTATION	MYC associated factor X	UNREVIEWED	97	e59833a54b616e11a62591ae7bc85270e2bce504bedcf75e1dbc228a4a3164d0	Homologous_PWM	M08778_2.00 (92.3%);MA0058.1 (93.8%)						NO		NOT_APPLICABLE	0	0				Q8TAX8	SAME_GENE_MODCRE_SUMMARY_V2_EXPLICIT_ACCESSION	UNREVIEWED	151	PF00010:15-65:Helix-loop-helix DNA-binding domain	/data/sbi/interchange/boliva/patricia/models/TFS_Q8TAX8:10:75_1am9_A_1.pdb	10-75	PASS_NONEMPTY_PROTEIN_DNA_INTERFACE	504	8	6	151	79.38	25	49.02	52.00	9-33	UNCERTAIN_MANUAL_REVIEW	UNCERTAIN_MANUAL_REVIEW	CANONICAL_REFERENCE_INTERFACE_VALID	MANUAL_REVIEW_BEFORE_SENDING	NO_DISPLAY_CHANGE_PENDING_MANUAL_REVIEW	Available evidence does not meet an approved automatic present/absent rule. PWM/database inclusion is not changed by this structural recommendation.	YES	Canonical alignment evidence is UNCERTAIN_MANUAL_REVIEW.	LOW
G3V447	ZBTB1	FAILED_ACCESSION_ANNOTATION	Zinc finger and BTB domain-containing protein 1	UNREVIEWED	155	ec21bb2d144af2f61c0c3a3e8dccd21c7889223840504348190e6cb0fe13229d	Homologous_PWM	M00775_2.00 (98.7%)	BTB,CYTH	PF00651:14-115:BTB/POZ domain			PF00651:14-115:BTB/POZ domain	NO		NOT_APPLICABLE	0	0											NOT_VALIDATED										NO_CANONICAL_REFERENCE	UNCERTAIN_MANUAL_REVIEW	NO_CANONICAL_REFERENCE_FOUND	MANUAL_REVIEW_BEFORE_SENDING	NO_DISPLAY_CHANGE_PENDING_MANUAL_REVIEW	Available evidence does not meet an approved automatic present/absent rule. PWM/database inclusion is not changed by this structural recommendation.	YES	No decisive reviewed-Pfam or canonical-alignment evidence.	LOW
H0Y7E5	SREBF2	FAILED_ACCESSION_ANNOTATION	Sterol regulatory element binding transcription factor 2	UNREVIEWED	257	9bedf3e640b606a7368c91f2c91c265507b61deb76c3554603089251204a8b8a	Homologous_PWM	MA0596.1 (74.2%)						NO		NOT_APPLICABLE	0	0				Q12772	SAME_GENE_MODCRE_SUMMARY_V2_EXPLICIT_ACCESSION	REVIEWED	1141	PF00010:331-381:Helix-loop-helix DNA-binding domain	/data/sbi/interchange/boliva/patricia/models/TFS_Q12772:323:398_1hlo_A_1.pdb	323-398	PASS_NONEMPTY_PROTEIN_DNA_INTERFACE	373	22	18	1141	72.37	9	17.65	66.67	65-73	UNCERTAIN_MANUAL_REVIEW	UNCERTAIN_MANUAL_REVIEW	CANONICAL_REFERENCE_INTERFACE_VALID	MANUAL_REVIEW_BEFORE_SENDING	NO_DISPLAY_CHANGE_PENDING_MANUAL_REVIEW	Available evidence does not meet an approved automatic present/absent rule. PWM/database inclusion is not changed by this structural recommendation.	YES	Canonical alignment evidence is UNCERTAIN_MANUAL_REVIEW.	LOW
H0YGT3	ESRRA	FAILED_ACCESSION_ANNOTATION	Estrogen related receptor alpha	UNREVIEWED	198	fcacbad5b737df17dd584fcc5ce50e122afaf4299a408bca3fd4d7317ff7350f	Homologous_PWM	MA0592.1 (77.5%);MA0592.2 (77.4%)	Hormone_recep	PF00104:29-176:Ligand-binding domain of nuclear hormone receptor			PF00104:29-176:Ligand-binding domain of nuclear hormone receptor	NO		NOT_APPLICABLE	0	0				F5H0E9	SAME_GENE_MODCRE_SUMMARY_V2_EXPLICIT_ACCESSION	UNREVIEWED	162	MODEL_INTERVAL:1-19	/data/sbi/interchange/boliva/patricia/models/TFS_F5H0E9:1:19_1lo1_A_1.pdb	1-19	PASS_NONEMPTY_PROTEIN_DNA_INTERFACE	202	5	6	218	47.89	0	0.00	0.00		UNCERTAIN_MANUAL_REVIEW	UNCERTAIN_MANUAL_REVIEW	CANONICAL_REFERENCE_INTERFACE_VALID	MANUAL_REVIEW_BEFORE_SENDING	NO_DISPLAY_CHANGE_PENDING_MANUAL_REVIEW	Available evidence does not meet an approved automatic present/absent rule. PWM/database inclusion is not changed by this structural recommendation.	YES	Canonical alignment evidence is UNCERTAIN_MANUAL_REVIEW.	LOW
H0YNG1	POU2F2	FAILED_ACCESSION_ANNOTATION	POU domain, class 2, transcription factor 1 (NF-A1) (Octamer-binding protein 1) (Octamer-binding transcription factor 1)	UNREVIEWED	198	2417d610f7b32fa41cb57a012a4fa8879dd6bafe5669016491e427da7bc3888c	Homologous_PWM	M00548_2.00 (70.8%);M10829_2.00 (70.8%)		PF19536:68-178:POU domain, class 2, transcription factor 1 C-terminal			PF19536:68-178:POU domain, class 2, transcription factor 1 C-terminal	NO		NOT_APPLICABLE	0	0				U3KQ96	SAME_GENE_MODCRE_SUMMARY_V2_EXPLICIT_ACCESSION	UNREVIEWED	262	PF00157:193-262:Pou domain - N-terminal to homeobox domain	/data/sbi/interchange/boliva/patricia/models/TFS_U3KQ96:189:262_1e3o_C_1.pdb	189-262	PASS_NONEMPTY_PROTEIN_DNA_INTERFACE	52	5	3	265	32.31	59	84.29	18.64	140-198	UNCERTAIN_MANUAL_REVIEW	UNCERTAIN_MANUAL_REVIEW	CANONICAL_REFERENCE_INTERFACE_VALID	MANUAL_REVIEW_BEFORE_SENDING	NO_DISPLAY_CHANGE_PENDING_MANUAL_REVIEW	Available evidence does not meet an approved automatic present/absent rule. PWM/database inclusion is not changed by this structural recommendation.	YES	Canonical alignment evidence is UNCERTAIN_MANUAL_REVIEW.	LOW
H2BNB9	ETV6;INO80D	BLANK_GENE_MAPPING:fusion	ETV6/INO80D fusion protein	UNREVIEWED	724	a22f337360bf3fc398159b085c0bd7b9304e25e92a7b1cfec3c1015a6f583c43	Identical_PWM	MA0645.1	SAM_PNT,SAM_1	PF02198:40-123:Sterile alpha motif (SAM)/Pointed domain			PF02198:40-123:Sterile alpha motif (SAM)/Pointed domain	NO		NOT_APPLICABLE	0	0											NOT_VALIDATED										NO_CANONICAL_REFERENCE	UNCERTAIN_MANUAL_REVIEW	NO_CANONICAL_REFERENCE_FOUND	MANUAL_REVIEW_BEFORE_SENDING	NO_DISPLAY_CHANGE_PENDING_MANUAL_REVIEW	Available evidence does not meet an approved automatic present/absent rule. PWM/database inclusion is not changed by this structural recommendation.	YES	Gene mapping is fusion.	LOW
K7ELF3	TCF3	FAILED_ACCESSION_ANNOTATION	Transcription factor 3	UNREVIEWED	151	f70272c4c8a307b352d3fe1dcb9cbd393db44bb38a58cb5f318d5daec87ad9c3	Identical_PWM	MA0091.1						NO		NOT_APPLICABLE	0	0				K7ENH8	SAME_GENE_MODCRE_SUMMARY_V2_EXPLICIT_ACCESSION	UNREVIEWED	314	PF00010:210-262:Helix-loop-helix DNA-binding domain	/data/sbi/interchange/boliva/patricia/models/TFS_K7ENH8:199:272_2ypb_B_1.pdb	199-272	PASS_NONEMPTY_PROTEIN_DNA_INTERFACE	318	22	16	314	49.01	20	37.74	60.00	105-124	UNCERTAIN_MANUAL_REVIEW	UNCERTAIN_MANUAL_REVIEW	CANONICAL_REFERENCE_INTERFACE_VALID	MANUAL_REVIEW_BEFORE_SENDING	NO_DISPLAY_CHANGE_PENDING_MANUAL_REVIEW	Available evidence does not meet an approved automatic present/absent rule. PWM/database inclusion is not changed by this structural recommendation.	YES	Canonical alignment evidence is UNCERTAIN_MANUAL_REVIEW.	LOW
K7ENI0	TCF3	FAILED_ACCESSION_ANNOTATION	Transcription factor 3	UNREVIEWED	95	08d55da11982374fa9e3b7b8864a82f3664847bff5e217c0fc040f13baeba56d	Identical_PWM	MA0091.1						NO		NOT_APPLICABLE	0	0				K7ENH8	SAME_GENE_MODCRE_SUMMARY_V2_EXPLICIT_ACCESSION	UNREVIEWED	314	PF00010:210-262:Helix-loop-helix DNA-binding domain	/data/sbi/interchange/boliva/patricia/models/TFS_K7ENH8:199:272_2ypb_B_1.pdb	199-272	PASS_NONEMPTY_PROTEIN_DNA_INTERFACE	318	22	16	314	57.89	10	18.87	60.00	73-82	UNCERTAIN_MANUAL_REVIEW	UNCERTAIN_MANUAL_REVIEW	CANONICAL_REFERENCE_INTERFACE_VALID	MANUAL_REVIEW_BEFORE_SENDING	NO_DISPLAY_CHANGE_PENDING_MANUAL_REVIEW	Available evidence does not meet an approved automatic present/absent rule. PWM/database inclusion is not changed by this structural recommendation.	YES	Canonical alignment evidence is UNCERTAIN_MANUAL_REVIEW.	LOW
Q59EF3	TEAD1	BLANK_GENE_MAPPING:clear_from_description	TEA domain family member 1 variant	UNREVIEWED	371	e823627235a31c2c51e91d9f52bb4158011cf3308ba64c8bcdc95667e5f63f07	Identical_PWM	MA0090.1	TEA	PF17725:160-368:YAP binding domain			PF17725:160-368:YAP binding domain	NO		NOT_APPLICABLE	0	0			Q59EF3|PF17725|160-368	H0YE88	BLANK_GENE_MAPPING_TO_EXPLICIT_INTERFACE_AUDITED_REFERENCE:clear_from_description	UNREVIEWED	426	PF01285:32-98:TEA/ATTS domain	/data/sbi/interchange/boliva/patricia/models/TFS_H0YE88:31:104_5nnx_A_1.pdb	31-104	PASS_NONEMPTY_PROTEIN_DNA_INTERFACE	178	10	6	426	90.57	37	55.22	35.14	14-50	UNCERTAIN_MANUAL_REVIEW	UNCERTAIN_MANUAL_REVIEW	CANONICAL_REFERENCE_INTERFACE_VALID	MANUAL_REVIEW_BEFORE_SENDING	NO_DISPLAY_CHANGE_PENDING_MANUAL_REVIEW	Available evidence does not meet an approved automatic present/absent rule. PWM/database inclusion is not changed by this structural recommendation.	YES	Canonical alignment evidence is UNCERTAIN_MANUAL_REVIEW.	LOW
Q5VVR5	TCF7L2	FAILED_ACCESSION_ANNOTATION	Transcription factor 7 like 2	UNREVIEWED	222	8550bbb04de314488e2078c6ed8fcd3e683a75cabe8aec655c3a946b709a3ff9	Homologous_PWM	M09392_2.00 (72.0%);MA0523.1 (78.8%);MA0768.1 (72.0%)	CTNNB1_binding	PF08347:2-222:N-terminal CTNNB1 binding			PF08347:2-222:N-terminal CTNNB1 binding	NO		NOT_APPLICABLE	0	0				H0YEE5	SAME_GENE_MODCRE_SUMMARY_V2_EXPLICIT_ACCESSION	UNREVIEWED	108	PF00505:1-49:HMG (high mobility group) box	/data/sbi/interchange/boliva/patricia/models/TFS_H0YEE5:1:64_2lef_A_1.pdb	1-64	PASS_NONEMPTY_PROTEIN_DNA_INTERFACE	552	16	9	222	37.96	49	100.00	42.86	11-104	UNCERTAIN_MANUAL_REVIEW	UNCERTAIN_MANUAL_REVIEW	CANONICAL_REFERENCE_INTERFACE_VALID	MANUAL_REVIEW_BEFORE_SENDING	NO_DISPLAY_CHANGE_PENDING_MANUAL_REVIEW	Available evidence does not meet an approved automatic present/absent rule. PWM/database inclusion is not changed by this structural recommendation.	YES	Canonical alignment evidence is UNCERTAIN_MANUAL_REVIEW.	LOW
Q68D60	DKFZp686N2325	FAILED_ACCESSION_ANNOTATION	Uncharacterized protein DKFZp686N2325	UNREVIEWED	150	e7096cd645dc045418193eba5c16f3ed643b71df7e61d550ac0cda1c763972d2	Homologous_PWM	MA0608.1 (88.8%)						NO		NOT_APPLICABLE	0	0											NOT_VALIDATED										NO_CANONICAL_REFERENCE	UNCERTAIN_MANUAL_REVIEW	NO_CANONICAL_REFERENCE_FOUND	MANUAL_REVIEW_BEFORE_SENDING	NO_DISPLAY_CHANGE_PENDING_MANUAL_REVIEW	Available evidence does not meet an approved automatic present/absent rule. PWM/database inclusion is not changed by this structural recommendation.	YES	No decisive reviewed-Pfam or canonical-alignment evidence.	LOW
Q6L9M1	PPARG	FAILED_ACCESSION_ANNOTATION	Peroxisome proliferator-activated receptor gamma (PPAR-gamma) (Nuclear receptor subfamily 1 group C member 3)	UNREVIEWED	41	67fb3b85ecbfda5dc49a158823357d7bc7a0eaa4ca0b5092d5ab896dd337349e	Identical_PWM	M11139_2.00	PPARgamma_N	PF12577:1-41:PPAR gamma N-terminal region			PF12577:1-41:PPAR gamma N-terminal region	NO		NOT_APPLICABLE	0	0				Q4W4C7	SAME_GENE_MODCRE_SUMMARY_V2_EXPLICIT_ACCESSION	UNREVIEWED	280	PF00105:124-190:Double treble clef zinc finger, C4 type	/data/sbi/interchange/boliva/patricia/models/TFS_Q4W4C7:121:201_1a6y_B_1.pdb	121-201	PASS_NONEMPTY_PROTEIN_DNA_INTERFACE	670	20	17	280	100.00	2	2.99	100.00	37-38	UNCERTAIN_MANUAL_REVIEW	UNCERTAIN_MANUAL_REVIEW	CANONICAL_REFERENCE_INTERFACE_VALID	MANUAL_REVIEW_BEFORE_SENDING	NO_DISPLAY_CHANGE_PENDING_MANUAL_REVIEW	Available evidence does not meet an approved automatic present/absent rule. PWM/database inclusion is not changed by this structural recommendation.	YES	Canonical alignment evidence is UNCERTAIN_MANUAL_REVIEW.	LOW
Q709A9	TFEB	FAILED_ACCESSION_ANNOTATION	Transcription factor EB	UNREVIEWED	79	b9679029e07f19b8c15eecb1345dddd0b5e1a7bfbebf214365526617b890104d	Identical_PWM	MA0692.1	DUF2547,Activator_LAG-3	PF15951:4-79:MITF/TFEB/TFEC/TFE3 N-terminus			PF15951:4-79:MITF/TFEB/TFEC/TFE3 N-terminus	NO		NOT_APPLICABLE	0	0				A0A7I2YQR9	SAME_GENE_MODCRE_SUMMARY_V2_EXPLICIT_ACCESSION	UNREVIEWED	273	PF00010:236-265:Helix-loop-helix DNA-binding domain	/data/sbi/interchange/boliva/patricia/models/TFS_A0A7I2YQR9:232:263_5nj8_B_1.pdb	232-263	PASS_NONEMPTY_PROTEIN_DNA_INTERFACE	186	9	6	273	100.00	4	13.33	100.00	76-79	UNCERTAIN_MANUAL_REVIEW	UNCERTAIN_MANUAL_REVIEW	CANONICAL_REFERENCE_INTERFACE_VALID	MANUAL_REVIEW_BEFORE_SENDING	NO_DISPLAY_CHANGE_PENDING_MANUAL_REVIEW	Available evidence does not meet an approved automatic present/absent rule. PWM/database inclusion is not changed by this structural recommendation.	YES	Canonical alignment evidence is UNCERTAIN_MANUAL_REVIEW.	LOW
Q86VD4	CREB3L2	FAILED_ACCESSION_ANNOTATION	CREB3L2 protein	UNREVIEWED	200	2dfa37e87f19f5d7fb656ab46956c2b2d8e89206fda3ff5bc304b3825c217403	Homologous_PWM	MA0608.1 (87.0%)						NO		NOT_APPLICABLE	0	0				Q70SY1	SAME_GENE_MODCRE_SUMMARY_V2_EXPLICIT_ACCESSION	REVIEWED	520	PF00170:292-354:bZIP transcription factor	/data/sbi/interchange/boliva/patricia/models/TFS_Q70SY1:295:354_1t2k_C_1.pdb	295-354	PASS_NONEMPTY_PROTEIN_DNA_INTERFACE	57	8	6	520	92.00	14	22.22	71.43	155-168	UNCERTAIN_MANUAL_REVIEW	UNCERTAIN_MANUAL_REVIEW	CANONICAL_REFERENCE_INTERFACE_VALID	MANUAL_REVIEW_BEFORE_SENDING	NO_DISPLAY_CHANGE_PENDING_MANUAL_REVIEW	Available evidence does not meet an approved automatic present/absent rule. PWM/database inclusion is not changed by this structural recommendation.	YES	Canonical alignment evidence is UNCERTAIN_MANUAL_REVIEW.	LOW
X5D8U0	ARNT2	FAILED_ACCESSION_ANNOTATION	Aryl-hydrocarbon receptor nuclear translocator 2 isoform G	UNREVIEWED	435	47daad50c3c10ee73ba280d67907270a666d4db23d2600aca50954405fd7ceb9	Homologous_PWM	M01720_2.00 (94.6%);MA1464.1 (99.2%)	PAS,PAS_9,PAS_6,PAS_3	PF14598:54-154:PAS domain			PF14598:54-154:PAS domain	NO		NOT_APPLICABLE	0	0				X5DRE4	SAME_GENE_MODCRE_SUMMARY_V2_EXPLICIT_ACCESSION	UNREVIEWED	220	PF00010:65-116:Helix-loop-helix DNA-binding domain	/data/sbi/interchange/boliva/patricia/models/TFS_X5DRE4:62:116_4zpr_A_1.pdb	62-116	PASS_NONEMPTY_PROTEIN_DNA_INTERFACE	66	4	4	435	47.27	52	100.00	51.92	126-233	UNCERTAIN_MANUAL_REVIEW	UNCERTAIN_MANUAL_REVIEW	CANONICAL_REFERENCE_INTERFACE_VALID	MANUAL_REVIEW_BEFORE_SENDING	NO_DISPLAY_CHANGE_PENDING_MANUAL_REVIEW	Available evidence does not meet an approved automatic present/absent rule. PWM/database inclusion is not changed by this structural recommendation.	YES	Canonical alignment evidence is UNCERTAIN_MANUAL_REVIEW.	LOW
